beta,y2,curvature,n_mc,n_valid,n_fail,p_reconciled_better
-0.3,0.0,0.0,1000,1000,0,0.961
-0.3,-1.5,0.0008040365613291915,1000,1000,0,1.0
-0.3,1.5,0.0008040365613291915,1000,1000,0,0.998
-0.3,-1.49,0.0008592739096300577,1000,1000,0,1.0
-0.3,1.49,0.0008592739096300577,1000,1000,0,0.997
-0.3,-1.48,0.0009187001511788128,1000,1000,0,0.997
-0.3,1.48,0.0009187001511788128,1000,1000,0,0.999
-0.3,-1.47,0.000982662600765714,1000,1000,0,0.998
-0.3,1.47,0.000982662600765714,1000,1000,0,0.999
-0.3,-1.46,0.001051539787313995,1000,1000,0,0.999
-0.3,1.46,0.001051539787313995,1000,1000,0,1.0
-0.3,-1.45,0.001125744469935113,1000,1000,0,0.997
-0.3,1.45,0.001125744469935113,1000,1000,0,0.999
-0.3,-0.01,0.0011999999999615998,1000,1000,0,0.955
-0.3,0.01,0.0011999999999615998,1000,1000,0,0.964
-0.3,-1.44,0.0012057269647741244,1000,1000,0,1.0
-0.3,1.44,0.0012057269647741244,1000,1000,0,0.994
-0.3,-1.43,0.001291978816507661,1000,1000,0,0.995
-0.3,1.43,0.001291978816507661,1000,1000,0,0.998
-0.3,-1.42,0.001385036852220324,1000,1000,0,0.994
-0.3,1.42,0.001385036852220324,1000,1000,0,0.994
-0.3,-1.41,0.00148548765970461,1000,1000,0,0.999
-0.3,1.41,0.00148548765970461,1000,1000,0,0.997
-0.3,-1.4,0.0015939725370594567,1000,1000,0,0.997
-0.3,1.4,0.0015939725370594567,1000,1000,0,0.999
-0.3,-1.39,0.001711192965864326,1000,1000,0,0.997
-0.3,1.39,0.001711192965864326,1000,1000,0,0.997
-0.3,-1.38,0.0018379166662479064,1000,1000,0,0.999
-0.3,1.38,0.0018379166662479064,1000,1000,0,0.999
-0.3,-1.37,0.0019749842989293677,1000,1000,0,0.998
-0.3,1.37,0.0019749842989293677,1000,1000,0,0.999
-0.3,-1.36,0.0021233168868709552,1000,1000,0,0.999
-0.3,1.36,0.0021233168868709552,1000,1000,0,0.997
-0.3,-1.35,0.002283924037638442,1000,1000,0,0.998
-0.3,1.35,0.002283924037638442,1000,1000,0,0.999
-0.3,-1.34,0.002457913057026501,1000,1000,0,1.0
-0.3,1.34,0.002457913057026501,1000,1000,0,0.999
-0.3,-1.33,0.0026464990550864407,1000,1000,0,0.998
-0.3,1.33,0.0026464990550864407,1000,1000,0,0.996
-0.3,-1.32,0.0028510161575244905,1000,1000,0,0.998
-0.3,1.32,0.0028510161575244905,1000,1000,0,0.995
-0.3,-1.31,0.003072929948663575,1000,1000,0,0.994
-0.3,1.31,0.003072929948663575,1000,1000,0,0.997
-0.3,-1.3,0.003313851286939209,1000,1000,0,0.999
-0.3,1.3,0.003313851286939209,1000,1000,0,1.0
-0.3,-1.29,0.0035755516504052216,1000,1000,0,0.997
-0.3,1.29,0.0035755516504052216,1000,1000,0,0.997
-0.3,-1.28,0.003859980188148721,1000,1000,0,0.997
-0.3,1.28,0.003859980188148721,1000,1000,0,0.998
-0.3,-1.27,0.004169282674064593,1000,1000,0,0.999
-0.3,1.27,0.004169282674064593,1000,1000,0,0.996
-0.3,-1.26,0.004505822582343889,1000,1000,0,0.996
-0.3,1.26,0.004505822582343889,1000,1000,0,0.997
-0.3,-0.02,0.004799999990169601,1000,1000,0,0.964
-0.3,0.02,0.004799999990169601,1000,1000,0,0.958
-0.3,-1.25,0.004872204529531695,1000,1000,0,0.998
-0.3,1.25,0.004872204529531695,1000,1000,0,0.997
-0.3,-1.24,0.005271300356368939,1000,1000,0,0.995
-0.3,1.24,0.005271300356368939,1000,1000,0,0.991
-0.3,-1.23,0.005706278154125387,1000,1000,0,0.997
-0.3,1.23,0.005706278154125387,1000,1000,0,0.992
-0.3,-1.22,0.006180634575046596,1000,1000,0,0.996
-0.3,1.22,0.006180634575046596,1000,1000,0,0.999
-0.3,-1.21,0.0066982308051735835,1000,1000,0,0.994
-0.3,1.21,0.0066982308051735835,1000,1000,0,0.998
-0.3,-1.2,0.007263332620450754,1000,1000,0,0.996
-0.3,1.2,0.007263332620450754,1000,1000,0,0.997
-0.3,-1.19,0.007880654994009717,1000,1000,0,0.996
-0.3,1.19,0.007880654994009717,1000,1000,0,0.999
-0.3,-1.18,0.008555411774080894,1000,1000,0,0.993
-0.3,1.18,0.008555411774080894,1000,1000,0,1.0
-0.3,-1.17,0.009293371008384411,1000,1000,0,0.995
-0.3,1.17,0.009293371008384411,1000,1000,0,0.991
-0.3,-1.16,0.010100916552275385,1000,1000,0,0.996
-0.3,1.16,0.010100916552275385,1000,1000,0,0.995
-0.3,-0.03,0.010799999748057605,1000,1000,0,0.952
-0.3,0.03,0.010799999748057605,1000,1000,0,0.966
-0.3,-1.15,0.010985116664471408,1000,1000,0,0.995
-0.3,1.15,0.010985116664471408,1000,1000,0,0.995
-0.3,-1.14,0.011953800365858845,1000,1000,0,0.994
-0.3,1.14,0.011953800365858845,1000,1000,0,0.995
-0.3,-1.13,0.013015642413479798,1000,1000,0,0.992
-0.3,1.13,0.013015642413479798,1000,1000,0,0.994
-0.3,-1.12,0.0141802578229385,1000,1000,0,0.993
-0.3,1.12,0.0141802578229385,1000,1000,0,0.994
-0.3,-1.11,0.015458306957428303,1000,1000,0,0.995
-0.3,1.11,0.015458306957428303,1000,1000,0,0.997
-0.3,-1.1,0.016861612289265113,1000,1000,0,0.995
-0.3,1.1,0.016861612289265113,1000,1000,0,0.991
-0.3,-1.09,0.018403288028604223,1000,1000,0,0.994
-0.3,1.09,0.018403288028604223,1000,1000,0,0.992
-0.3,-0.04,0.01919999748341785,1000,1000,0,0.948
-0.3,0.04,0.01919999748341785,1000,1000,0,0.97
-0.3,-1.08,0.020097883901630576,1000,1000,0,0.993
-0.3,1.08,0.020097883901630576,1000,1000,0,0.992
-0.3,-1.07,0.021961544443826305,1000,1000,0,0.988
-0.3,1.07,0.021961544443826305,1000,1000,0,0.99
-0.3,-1.06,0.024012185248739843,1000,1000,0,0.988
-0.3,1.06,0.024012185248739843,1000,1000,0,0.987
-0.3,-1.05,0.026269687673482277,1000,1000,0,0.987
-0.3,1.05,0.026269687673482277,1000,1000,0,0.995
-0.3,-1.04,0.02875611354177527,1000,1000,0,0.996
-0.3,1.04,0.02875611354177527,1000,1000,0,0.99
-0.3,-0.05,0.02999998500000563,1000,1000,0,0.957
-0.3,0.05,0.02999998500000563,1000,1000,0,0.956
-0.3,-1.03,0.03149594139454397,1000,1000,0,0.984
-0.3,1.03,0.03149594139454397,1000,1000,0,0.989
-0.3,-1.02,0.03451632580507263,1000,1000,0,0.99
-0.3,1.02,0.03451632580507263,1000,1000,0,0.991
-0.3,-1.01,0.03784738118588884,1000,1000,0,0.99
-0.3,1.01,0.03784738118588884,1000,1000,0,0.986
-0.3,-1.0,0.04152249134948097,1000,1000,0,0.992
-0.3,1.0,0.04152249134948097,1000,1000,0,0.984
-0.3,-0.06,0.04319993550281783,1000,1000,0,0.96
-0.3,0.06,0.04319993550281783,1000,1000,0,0.958
-0.3,-0.99,0.045578645822079836,1000,1000,0,0.99
-0.3,0.99,0.045578645822079836,1000,1000,0,0.985
-0.3,-0.98,0.05005680352147241,1000,1000,0,0.982
-0.3,0.98,0.05005680352147241,1000,1000,0,0.983
-0.3,-0.97,0.05500228386285701,1000,1000,0,0.988
-0.3,0.97,0.05500228386285701,1000,1000,0,0.984
-0.3,-0.07,0.05879977863226665,1000,1000,0,0.951
-0.3,0.07,0.05879977863226665,1000,1000,0,0.96
-0.3,-0.96,0.06046518461134927,1000,1000,0,0.989
-0.3,0.96,0.06046518461134927,1000,1000,0,0.986
-0.3,-0.95,0.06650082480906248,1000,1000,0,0.991
-0.3,0.95,0.06650082480906248,1000,1000,0,0.975
-0.3,-0.94,0.07317020981432597,1000,1000,0,0.975
-0.3,0.94,0.07317020981432597,1000,1000,0,0.984
-0.3,-0.08,0.07679935575895884,1000,1000,0,0.962
-0.3,0.08,0.07679935575895884,1000,1000,0,0.966
-0.3,-0.93,0.08054051383851042,1000,1000,0,0.98
-0.3,0.93,0.08054051383851042,1000,1000,0,0.987
-0.3,-0.92,0.08868557328277528,1000,1000,0,0.984
-0.3,0.92,0.08868557328277528,1000,1000,0,0.978
-0.3,-0.09,0.09719834702699662,1000,1000,0,0.96
-0.3,0.09,0.09719834702699662,1000,1000,0,0.962
-0.3,-0.91,0.09768638158746905,1000,1000,0,0.971
-0.3,0.91,0.09768638158746905,1000,1000,0,0.973
-0.3,-0.9,0.10763157313187557,1000,1000,0,0.969
-0.3,0.9,0.10763157313187557,1000,1000,0,0.973
-0.3,-0.89,0.11861787988279328,1000,1000,0,0.974
-0.3,0.89,0.11861787988279328,1000,1000,0,0.98
-0.3,-0.1,0.11999616009215804,1000,1000,0,0.97
-0.3,0.1,0.11999616009215804,1000,1000,0,0.963
-0.3,-0.88,0.1307505399148652,1000,1000,0,0.976
-0.3,0.88,0.1307505399148652,1000,1000,0,0.967
-0.3,-0.87,0.14414363155688628,1000,1000,0,0.972
-0.3,0.87,0.14414363155688628,1000,1000,0,0.968
-0.3,-0.11,0.14519176896893382,1000,1000,0,0.957
-0.3,0.11,0.14519176896893382,1000,1000,0,0.968
-0.3,-0.86,0.15892030072772242,1000,1000,0,0.964
-0.3,0.86,0.15892030072772242,1000,1000,0,0.972
-0.3,-0.12,0.17278348988605746,1000,1000,0,0.952
-0.3,0.12,0.17278348988605746,1000,1000,0,0.957
-0.3,-0.85,0.17521284202890733,1000,1000,0,0.978
-0.3,0.85,0.17521284202890733,1000,1000,0,0.969
-0.3,-0.84,0.1931625864407521,1000,1000,0,0.97
-0.3,0.84,0.1931625864407521,1000,1000,0,0.969
-0.3,-0.13,0.20276867956862607,1000,1000,0,0.958
-0.3,0.13,0.20276867956862607,1000,1000,0,0.974
-0.3,-0.83,0.21291954020056456,1000,1000,0,0.967
-0.3,0.83,0.21291954020056456,1000,1000,0,0.966
-0.3,-0.82,0.23464171092655278,1000,1000,0,0.958
-0.3,0.82,0.23464171092655278,1000,1000,0,0.974
-0.3,-0.14,0.23514333993943035,1000,1000,0,0.953
-0.3,0.14,0.23514333993943035,1000,1000,0,0.949
-0.3,-0.81,0.2584940487525062,1000,1000,0,0.956
-0.3,0.81,0.2584940487525062,1000,1000,0,0.96
-0.3,-0.15,0.26990161189766443,1000,1000,0,0.957
-0.3,0.15,0.26990161189766443,1000,1000,0,0.968
-0.3,-0.8,0.2846469228206227,1000,1000,0,0.965
-0.3,0.8,0.2846469228206227,1000,1000,0,0.972
-0.3,-0.16,0.30703513964035173,1000,1000,0,0.964
-0.3,0.16,0.30703513964035173,1000,1000,0,0.964
-0.3,-0.79,0.3132740478451049,1000,1000,0,0.967
-0.3,0.79,0.3132740478451049,1000,1000,0,0.962
-0.3,-0.78,0.3445497727768891,1000,1000,0,0.966
-0.3,0.78,0.3445497727768891,1000,1000,0,0.948
-0.3,-0.17,0.34653228601140323,1000,1000,0,0.968
-0.3,0.17,0.34653228601140323,1000,1000,0,0.964
-0.3,-0.77,0.37864564531931555,1000,1000,0,0.961
-0.3,0.77,0.37864564531931555,1000,1000,0,0.971
-0.3,-0.18,0.38837717869141103,1000,1000,0,0.954
-0.3,0.18,0.38837717869141103,1000,1000,0,0.951
-0.3,-0.76,0.41572617387825983,1000,1000,0,0.965
-0.3,0.76,0.41572617387825983,1000,1000,0,0.962
-0.3,-0.19,0.43254856680543297,1000,1000,0,0.971
-0.3,0.19,0.43254856680543297,1000,1000,0,0.945
-0.3,-0.75,0.4559437243938262,1000,1000,0,0.97
-0.3,0.75,0.4559437243938262,1000,1000,0,0.965
-0.3,-0.2,0.47901846789049146,1000,1000,0,0.949
-0.3,0.2,0.47901846789049146,1000,1000,0,0.966
-0.3,-0.74,0.4994325153921041,1000,1000,0,0.953
-0.3,0.74,0.4994325153921041,1000,1000,0,0.957
-0.3,-0.21,0.5277505863365177,1000,1000,0,0.962
-0.3,0.21,0.5277505863365177,1000,1000,0,0.965
-0.3,-0.73,0.5463017123971913,1000,1000,0,0.96
-0.3,0.73,0.5463017123971913,1000,1000,0,0.972
-0.3,-0.22,0.5786984866487767,1000,1000,0,0.951
-0.3,0.22,0.5786984866487767,1000,1000,0,0.966
-0.3,-0.72,0.5966276740357311,1000,1000,0,0.965
-0.3,0.72,0.5966276740357311,1000,1000,0,0.958
-0.3,-0.23,0.6318035084817841,1000,1000,0,0.96
-0.3,0.23,0.6318035084817841,1000,1000,0,0.963
-0.3,-0.71,0.6504454674471667,1000,1000,0,0.953
-0.3,0.71,0.6504454674471667,1000,1000,0,0.964
-0.3,-0.24,0.6869924157200895,1000,1000,0,0.962
-0.3,0.24,0.6869924157200895,1000,1000,0,0.963
-0.3,-0.7,0.7077398494427007,1000,1000,0,0.957
-0.3,0.7,0.7077398494427007,1000,1000,0,0.948
-0.3,-0.25,0.744174779330497,1000,1000,0,0.959
-0.3,0.25,0.744174779330497,1000,1000,0,0.964
-0.3,-0.69,0.7684359999585705,1000,1000,0,0.951
-0.3,0.69,0.7684359999585705,1000,1000,0,0.959
-0.3,-0.26,0.8032401037160283,1000,1000,0,0.971
-0.3,0.26,0.8032401037160283,1000,1000,0,0.961
-0.3,-0.68,0.8323903912442425,1000,1000,0,0.953
-0.3,0.68,0.8323903912442425,1000,1000,0,0.958
-0.3,-0.27,0.864054719305603,1000,1000,0,0.966
-0.3,0.27,0.864054719305603,1000,1000,0,0.97
-0.3,-0.67,0.8993822728906978,1000,1000,0,0.964
-0.3,0.67,0.8993822728906978,1000,1000,0,0.951
-0.3,-0.28,0.9264584805288438,1000,1000,0,0.959
-0.3,0.28,0.9264584805288438,1000,1000,0,0.96
-0.3,-0.66,0.9691063395961947,1000,1000,0,0.962
-0.3,0.66,0.9691063395961947,1000,1000,0,0.96
-0.3,-0.29,0.9902613284849495,1000,1000,0,0.976
-0.3,0.29,0.9902613284849495,1000,1000,0,0.957
-0.3,-0.65,1.041167213552968,1000,1000,0,0.958
-0.3,0.65,1.041167213552968,1000,1000,0,0.96
-0.3,-0.3,1.0552398016959998,1000,1000,0,0.952
-0.3,0.3,1.0552398016959998,1000,1000,0,0.96
-0.3,-0.64,1.1150764031488263,1000,1000,0,0.95
-0.3,0.64,1.1150764031488263,1000,1000,0,0.95
-0.3,-0.31,1.1211336062658486,1000,1000,0,0.958
-0.3,0.31,1.1211336062658486,1000,1000,0,0.958
-0.3,-0.32,1.187642388106947,1000,1000,0,0.956
-0.3,0.32,1.187642388106947,1000,1000,0,0.966
-0.3,-0.63,1.1902523809602896,1000,1000,0,0.96
-0.3,0.63,1.1902523809602896,1000,1000,0,0.954
-0.3,-0.33,1.2544228837090776,1000,1000,0,0.977
-0.3,0.33,1.2544228837090776,1000,1000,0,0.972
-0.3,-0.62,1.266024345442561,1000,1000,0,0.953
-0.3,0.62,1.266024345442561,1000,1000,0,0.947
-0.3,-0.34,1.321086660623831,1000,1000,0,0.958
-0.3,0.34,1.321086660623831,1000,1000,0,0.964
-0.3,-0.61,1.3416400853735964,1000,1000,0,0.96
-0.3,0.61,1.3416400853735964,1000,1000,0,0.964
-0.3,-0.35,1.387198692069496,1000,1000,0,0.963
-0.3,0.35,1.387198692069496,1000,1000,0,0.947
-0.3,-0.6,1.4162781538589695,1000,1000,0,0.955
-0.3,0.6,1.4162781538589695,1000,1000,0,0.957
-0.3,-0.36,1.452277038594171,1000,1000,0,0.964
-0.3,0.36,1.452277038594171,1000,1000,0,0.957
-0.3,-0.59,1.489064288136726,1000,1000,0,0.959
-0.3,0.59,1.489064288136726,1000,1000,0,0.957
-0.3,-0.37,1.5157939294437768,1000,1000,0,0.965
-0.3,0.37,1.5157939294437768,1000,1000,0,0.972
-0.3,-0.58,1.5590917007145466,1000,1000,0,0.969
-0.3,0.58,1.5590917007145466,1000,1000,0,0.959
-0.3,-0.38,1.5771785422316904,1000,1000,0,0.959
-0.3,0.38,1.5771785422316904,1000,1000,0,0.959
-0.3,-0.57,1.6254445436521263,1000,1000,0,0.958
-0.3,0.57,1.6254445436521263,1000,1000,0,0.958
-0.3,-0.39,1.6358217662064853,1000,1000,0,0.969
-0.3,0.39,1.6358217662064853,1000,1000,0,0.957
-0.3,-0.56,1.6872235447152832,1000,1000,0,0.967
-0.3,0.56,1.6872235447152832,1000,1000,0,0.971
-0.3,-0.4,1.691083196275024,1000,1000,0,0.968
-0.3,0.4,1.691083196275024,1000,1000,0,0.965
-0.3,-0.41,1.7423005369644655,1000,1000,0,0.962
-0.3,0.41,1.7423005369644655,1000,1000,0,0.961
-0.3,-0.55,1.7435725677180296,1000,1000,0,0.967
-0.3,0.55,1.7435725677180296,1000,1000,0,0.965
-0.3,-0.42,1.7888014942155301,1000,1000,0,0.961
-0.3,0.42,1.7888014942155301,1000,1000,0,0.964
-0.3,-0.54,1.7937046927937612,1000,1000,0,0.959
-0.3,0.54,1.7937046927937612,1000,1000,0,0.957
-0.3,-0.43,1.8299180974041855,1000,1000,0,0.97
-0.3,0.43,1.8299180974041855,1000,1000,0,0.949
-0.3,-0.53,1.8369263703422312,1000,1000,0,0.96
-0.3,0.53,1.8369263703422312,1000,1000,0,0.95
-0.3,-0.44,1.8650032271278694,1000,1000,0,0.959
-0.3,0.44,1.8650032271278694,1000,1000,0,0.964
-0.3,-0.52,1.8726582866632224,1000,1000,0,0.961
-0.3,0.52,1.8726582866632224,1000,1000,0,0.959
-0.3,-0.45,1.8934489335981672,1000,1000,0,0.96
-0.3,0.45,1.8934489335981672,1000,1000,0,0.963
-0.3,-0.51,1.9004517857074674,1000,1000,0,0.962
-0.3,0.51,1.9004517857074674,1000,1000,0,0.961
-0.3,-0.46,1.9147059287382429,1000,1000,0,0.97
-0.3,0.46,1.9147059287382429,1000,1000,0,0.968
-0.3,-0.5,1.92,1000,1000,0,0.964
-0.3,0.5,1.92,1000,1000,0,0.962
-0.3,-0.47,1.9283034401854584,1000,1000,0,0.97
-0.3,0.47,1.9283034401854584,1000,1000,0,0.963
-0.3,-0.49,1.9311432215493631,1000,1000,0,0.963
-0.3,0.49,1.9311432215493631,1000,1000,0,0.958
-0.3,-0.48,1.9338684492749296,1000,1000,0,0.955
-0.3,0.48,1.9338684492749296,1000,1000,0,0.959
0.0,0.0,0.0,1000,1000,0,0.867
0.0,-1.5,0.0008040365613291915,1000,1000,0,0.998
0.0,1.5,0.0008040365613291915,1000,1000,0,0.997
0.0,-1.49,0.0008592739096300577,1000,1000,0,0.998
0.0,1.49,0.0008592739096300577,1000,1000,0,1.0
0.0,-1.48,0.0009187001511788128,1000,1000,0,0.997
0.0,1.48,0.0009187001511788128,1000,1000,0,0.998
0.0,-1.47,0.000982662600765714,1000,1000,0,0.998
0.0,1.47,0.000982662600765714,1000,1000,0,0.997
0.0,-1.46,0.001051539787313995,1000,1000,0,0.997
0.0,1.46,0.001051539787313995,1000,1000,0,0.998
0.0,-1.45,0.001125744469935113,1000,1000,0,0.995
0.0,1.45,0.001125744469935113,1000,1000,0,0.997
0.0,-0.01,0.0011999999999615998,1000,1000,0,0.862
0.0,0.01,0.0011999999999615998,1000,1000,0,0.852
0.0,-1.44,0.0012057269647741244,1000,1000,0,0.995
0.0,1.44,0.0012057269647741244,1000,1000,0,0.997
0.0,-1.43,0.001291978816507661,1000,1000,0,0.992
0.0,1.43,0.001291978816507661,1000,1000,0,0.997
0.0,-1.42,0.001385036852220324,1000,1000,0,0.993
0.0,1.42,0.001385036852220324,1000,1000,0,0.991
0.0,-1.41,0.00148548765970461,1000,1000,0,0.997
0.0,1.41,0.00148548765970461,1000,1000,0,0.999
0.0,-1.4,0.0015939725370594567,1000,1000,0,0.995
0.0,1.4,0.0015939725370594567,1000,1000,0,0.996
0.0,-1.39,0.001711192965864326,1000,1000,0,0.996
0.0,1.39,0.001711192965864326,1000,1000,0,0.998
0.0,-1.38,0.0018379166662479064,1000,1000,0,0.997
0.0,1.38,0.0018379166662479064,1000,1000,0,0.996
0.0,-1.37,0.0019749842989293677,1000,1000,0,0.994
0.0,1.37,0.0019749842989293677,1000,1000,0,0.997
0.0,-1.36,0.0021233168868709552,1000,1000,0,1.0
0.0,1.36,0.0021233168868709552,1000,1000,0,0.999
0.0,-1.35,0.002283924037638442,1000,1000,0,0.995
0.0,1.35,0.002283924037638442,1000,1000,0,0.996
0.0,-1.34,0.002457913057026501,1000,1000,0,1.0
0.0,1.34,0.002457913057026501,1000,1000,0,0.997
0.0,-1.33,0.0026464990550864407,1000,1000,0,0.998
0.0,1.33,0.0026464990550864407,1000,1000,0,0.998
0.0,-1.32,0.0028510161575244905,1000,1000,0,0.993
0.0,1.32,0.0028510161575244905,1000,1000,0,0.997
0.0,-1.31,0.003072929948663575,1000,1000,0,0.996
0.0,1.31,0.003072929948663575,1000,1000,0,0.994
0.0,-1.3,0.003313851286939209,1000,1000,0,0.996
0.0,1.3,0.003313851286939209,1000,1000,0,0.998
0.0,-1.29,0.0035755516504052216,1000,1000,0,0.994
0.0,1.29,0.0035755516504052216,1000,1000,0,0.998
0.0,-1.28,0.003859980188148721,1000,1000,0,1.0
0.0,1.28,0.003859980188148721,1000,1000,0,0.995
0.0,-1.27,0.004169282674064593,1000,1000,0,0.997
0.0,1.27,0.004169282674064593,1000,1000,0,0.998
0.0,-1.26,0.004505822582343889,1000,1000,0,0.992
0.0,1.26,0.004505822582343889,1000,1000,0,0.992
0.0,-0.02,0.004799999990169601,1000,1000,0,0.871
0.0,0.02,0.004799999990169601,1000,1000,0,0.853
0.0,-1.25,0.004872204529531695,1000,1000,0,0.996
0.0,1.25,0.004872204529531695,1000,1000,0,0.996
0.0,-1.24,0.005271300356368939,1000,1000,0,0.996
0.0,1.24,0.005271300356368939,1000,1000,0,0.995
0.0,-1.23,0.005706278154125387,1000,1000,0,0.99
0.0,1.23,0.005706278154125387,1000,1000,0,0.993
0.0,-1.22,0.006180634575046596,1000,1000,0,0.989
0.0,1.22,0.006180634575046596,1000,1000,0,0.985
0.0,-1.21,0.0066982308051735835,1000,1000,0,0.991
0.0,1.21,0.0066982308051735835,1000,1000,0,0.996
0.0,-1.2,0.007263332620450754,1000,1000,0,0.995
0.0,1.2,0.007263332620450754,1000,1000,0,0.996
0.0,-1.19,0.007880654994009717,1000,1000,0,0.988
0.0,1.19,0.007880654994009717,1000,1000,0,0.991
0.0,-1.18,0.008555411774080894,1000,1000,0,0.989
0.0,1.18,0.008555411774080894,1000,1000,0,0.988
0.0,-1.17,0.009293371008384411,1000,1000,0,0.989
0.0,1.17,0.009293371008384411,1000,1000,0,0.998
0.0,-1.16,0.010100916552275385,1000,1000,0,0.991
0.0,1.16,0.010100916552275385,1000,1000,0,0.988
0.0,-0.03,0.010799999748057605,1000,1000,0,0.865
0.0,0.03,0.010799999748057605,1000,1000,0,0.867
0.0,-1.15,0.010985116664471408,1000,1000,0,0.992
0.0,1.15,0.010985116664471408,1000,1000,0,0.99
0.0,-1.14,0.011953800365858845,1000,1000,0,0.991
0.0,1.14,0.011953800365858845,1000,1000,0,0.989
0.0,-1.13,0.013015642413479798,1000,1000,0,0.996
0.0,1.13,0.013015642413479798,1000,1000,0,0.988
0.0,-1.12,0.0141802578229385,1000,1000,0,0.992
0.0,1.12,0.0141802578229385,1000,1000,0,0.985
0.0,-1.11,0.015458306957428303,1000,1000,0,0.994
0.0,1.11,0.015458306957428303,1000,1000,0,0.987
0.0,-1.1,0.016861612289265113,1000,1000,0,0.987
0.0,1.1,0.016861612289265113,1000,1000,0,0.987
0.0,-1.09,0.018403288028604223,1000,1000,0,0.984
0.0,1.09,0.018403288028604223,1000,1000,0,0.984
0.0,-0.04,0.01919999748341785,1000,1000,0,0.863
0.0,0.04,0.01919999748341785,1000,1000,0,0.863
0.0,-1.08,0.020097883901630576,1000,1000,0,0.99
0.0,1.08,0.020097883901630576,1000,1000,0,0.991
0.0,-1.07,0.021961544443826305,1000,1000,0,0.982
0.0,1.07,0.021961544443826305,1000,1000,0,0.983
0.0,-1.06,0.024012185248739843,1000,1000,0,0.983
0.0,1.06,0.024012185248739843,1000,1000,0,0.973
0.0,-1.05,0.026269687673482277,1000,1000,0,0.982
0.0,1.05,0.026269687673482277,1000,1000,0,0.978
0.0,-1.04,0.02875611354177527,1000,1000,0,0.979
0.0,1.04,0.02875611354177527,1000,1000,0,0.973
0.0,-0.05,0.02999998500000563,1000,1000,0,0.86
0.0,0.05,0.02999998500000563,1000,1000,0,0.846
0.0,-1.03,0.03149594139454397,1000,1000,0,0.968
0.0,1.03,0.03149594139454397,1000,1000,0,0.98
0.0,-1.02,0.03451632580507263,1000,1000,0,0.978
0.0,1.02,0.03451632580507263,1000,1000,0,0.972
0.0,-1.01,0.03784738118588884,1000,1000,0,0.967
0.0,1.01,0.03784738118588884,1000,1000,0,0.978
0.0,-1.0,0.04152249134948097,1000,1000,0,0.968
0.0,1.0,0.04152249134948097,1000,1000,0,0.976
0.0,-0.06,0.04319993550281783,1000,1000,0,0.857
0.0,0.06,0.04319993550281783,1000,1000,0,0.878
0.0,-0.99,0.045578645822079836,1000,1000,0,0.967
0.0,0.99,0.045578645822079836,1000,1000,0,0.97
0.0,-0.98,0.05005680352147241,1000,1000,0,0.958
0.0,0.98,0.05005680352147241,1000,1000,0,0.975
0.0,-0.97,0.05500228386285701,1000,1000,0,0.96
0.0,0.97,0.05500228386285701,1000,1000,0,0.957
0.0,-0.07,0.05879977863226665,1000,1000,0,0.872
0.0,0.07,0.05879977863226665,1000,1000,0,0.886
0.0,-0.96,0.06046518461134927,1000,1000,0,0.957
0.0,0.96,0.06046518461134927,1000,1000,0,0.963
0.0,-0.95,0.06650082480906248,1000,1000,0,0.943
0.0,0.95,0.06650082480906248,1000,1000,0,0.967
0.0,-0.94,0.07317020981432597,1000,1000,0,0.964
0.0,0.94,0.07317020981432597,1000,1000,0,0.96
0.0,-0.08,0.07679935575895884,1000,1000,0,0.882
0.0,0.08,0.07679935575895884,1000,1000,0,0.858
0.0,-0.93,0.08054051383851042,1000,1000,0,0.927
0.0,0.93,0.08054051383851042,1000,1000,0,0.933
0.0,-0.92,0.08868557328277528,1000,1000,0,0.935
0.0,0.92,0.08868557328277528,1000,1000,0,0.945
0.0,-0.09,0.09719834702699662,1000,1000,0,0.872
0.0,0.09,0.09719834702699662,1000,1000,0,0.868
0.0,-0.91,0.09768638158746905,1000,1000,0,0.919
0.0,0.91,0.09768638158746905,1000,1000,0,0.948
0.0,-0.9,0.10763157313187557,1000,1000,0,0.923
0.0,0.9,0.10763157313187557,1000,1000,0,0.935
0.0,-0.89,0.11861787988279328,1000,1000,0,0.917
0.0,0.89,0.11861787988279328,1000,1000,0,0.932
0.0,-0.1,0.11999616009215804,1000,1000,0,0.876
0.0,0.1,0.11999616009215804,1000,1000,0,0.863
0.0,-0.88,0.1307505399148652,1000,1000,0,0.918
0.0,0.88,0.1307505399148652,1000,1000,0,0.908
0.0,-0.87,0.14414363155688628,1000,1000,0,0.919
0.0,0.87,0.14414363155688628,1000,1000,0,0.92
0.0,-0.11,0.14519176896893382,1000,1000,0,0.87
0.0,0.11,0.14519176896893382,1000,1000,0,0.867
0.0,-0.86,0.15892030072772242,1000,1000,0,0.892
0.0,0.86,0.15892030072772242,1000,1000,0,0.912
0.0,-0.12,0.17278348988605746,1000,1000,0,0.857
0.0,0.12,0.17278348988605746,1000,1000,0,0.857
0.0,-0.85,0.17521284202890733,1000,1000,0,0.908
0.0,0.85,0.17521284202890733,1000,1000,0,0.908
0.0,-0.84,0.1931625864407521,1000,1000,0,0.915
0.0,0.84,0.1931625864407521,1000,1000,0,0.905
0.0,-0.13,0.20276867956862607,1000,1000,0,0.864
0.0,0.13,0.20276867956862607,1000,1000,0,0.863
0.0,-0.83,0.21291954020056456,1000,1000,0,0.9
0.0,0.83,0.21291954020056456,1000,1000,0,0.885
0.0,-0.82,0.23464171092655278,1000,1000,0,0.896
0.0,0.82,0.23464171092655278,1000,1000,0,0.921
0.0,-0.14,0.23514333993943035,1000,1000,0,0.892
0.0,0.14,0.23514333993943035,1000,1000,0,0.855
0.0,-0.81,0.2584940487525062,1000,1000,0,0.894
0.0,0.81,0.2584940487525062,1000,1000,0,0.871
0.0,-0.15,0.26990161189766443,1000,1000,0,0.866
0.0,0.15,0.26990161189766443,1000,1000,0,0.869
0.0,-0.8,0.2846469228206227,1000,1000,0,0.893
0.0,0.8,0.2846469228206227,1000,1000,0,0.895
0.0,-0.16,0.30703513964035173,1000,1000,0,0.858
0.0,0.16,0.30703513964035173,1000,1000,0,0.859
0.0,-0.79,0.3132740478451049,1000,1000,0,0.892
0.0,0.79,0.3132740478451049,1000,1000,0,0.89
0.0,-0.78,0.3445497727768891,1000,1000,0,0.886
0.0,0.78,0.3445497727768891,1000,1000,0,0.878
0.0,-0.17,0.34653228601140323,1000,1000,0,0.837
0.0,0.17,0.34653228601140323,1000,1000,0,0.88
0.0,-0.77,0.37864564531931555,1000,1000,0,0.875
0.0,0.77,0.37864564531931555,1000,1000,0,0.884
0.0,-0.18,0.38837717869141103,1000,1000,0,0.878
0.0,0.18,0.38837717869141103,1000,1000,0,0.876
0.0,-0.76,0.41572617387825983,1000,1000,0,0.87
0.0,0.76,0.41572617387825983,1000,1000,0,0.865
0.0,-0.19,0.43254856680543297,1000,1000,0,0.861
0.0,0.19,0.43254856680543297,1000,1000,0,0.878
0.0,-0.75,0.4559437243938262,1000,1000,0,0.861
0.0,0.75,0.4559437243938262,1000,1000,0,0.862
0.0,-0.2,0.47901846789049146,1000,1000,0,0.867
0.0,0.2,0.47901846789049146,1000,1000,0,0.87
0.0,-0.74,0.4994325153921041,1000,1000,0,0.863
0.0,0.74,0.4994325153921041,1000,1000,0,0.862
0.0,-0.21,0.5277505863365177,1000,1000,0,0.864
0.0,0.21,0.5277505863365177,1000,1000,0,0.881
0.0,-0.73,0.5463017123971913,1000,1000,0,0.869
0.0,0.73,0.5463017123971913,1000,1000,0,0.864
0.0,-0.22,0.5786984866487767,1000,1000,0,0.873
0.0,0.22,0.5786984866487767,1000,1000,0,0.853
0.0,-0.72,0.5966276740357311,1000,1000,0,0.861
0.0,0.72,0.5966276740357311,1000,1000,0,0.861
0.0,-0.23,0.6318035084817841,1000,1000,0,0.869
0.0,0.23,0.6318035084817841,1000,1000,0,0.846
0.0,-0.71,0.6504454674471667,1000,1000,0,0.884
0.0,0.71,0.6504454674471667,1000,1000,0,0.875
0.0,-0.24,0.6869924157200895,1000,1000,0,0.852
0.0,0.24,0.6869924157200895,1000,1000,0,0.858
0.0,-0.7,0.7077398494427007,1000,1000,0,0.86
0.0,0.7,0.7077398494427007,1000,1000,0,0.876
0.0,-0.25,0.744174779330497,1000,1000,0,0.861
0.0,0.25,0.744174779330497,1000,1000,0,0.865
0.0,-0.69,0.7684359999585705,1000,1000,0,0.863
0.0,0.69,0.7684359999585705,1000,1000,0,0.864
0.0,-0.26,0.8032401037160283,1000,1000,0,0.891
0.0,0.26,0.8032401037160283,1000,1000,0,0.858
0.0,-0.68,0.8323903912442425,1000,1000,0,0.868
0.0,0.68,0.8323903912442425,1000,1000,0,0.854
0.0,-0.27,0.864054719305603,1000,1000,0,0.881
0.0,0.27,0.864054719305603,1000,1000,0,0.868
0.0,-0.67,0.8993822728906978,1000,1000,0,0.867
0.0,0.67,0.8993822728906978,1000,1000,0,0.861
0.0,-0.28,0.9264584805288438,1000,1000,0,0.886
0.0,0.28,0.9264584805288438,1000,1000,0,0.866
0.0,-0.66,0.9691063395961947,1000,1000,0,0.871
0.0,0.66,0.9691063395961947,1000,1000,0,0.879
0.0,-0.29,0.9902613284849495,1000,1000,0,0.877
0.0,0.29,0.9902613284849495,1000,1000,0,0.877
0.0,-0.65,1.041167213552968,1000,1000,0,0.87
0.0,0.65,1.041167213552968,1000,1000,0,0.87
0.0,-0.3,1.0552398016959998,1000,1000,0,0.87
0.0,0.3,1.0552398016959998,1000,1000,0,0.875
0.0,-0.64,1.1150764031488263,1000,1000,0,0.88
0.0,0.64,1.1150764031488263,1000,1000,0,0.852
0.0,-0.31,1.1211336062658486,1000,1000,0,0.864
0.0,0.31,1.1211336062658486,1000,1000,0,0.841
0.0,-0.32,1.187642388106947,1000,1000,0,0.886
0.0,0.32,1.187642388106947,1000,1000,0,0.875
0.0,-0.63,1.1902523809602896,1000,1000,0,0.861
0.0,0.63,1.1902523809602896,1000,1000,0,0.868
0.0,-0.33,1.2544228837090776,1000,1000,0,0.889
0.0,0.33,1.2544228837090776,1000,1000,0,0.873
0.0,-0.62,1.266024345442561,1000,1000,0,0.887
0.0,0.62,1.266024345442561,1000,1000,0,0.862
0.0,-0.34,1.321086660623831,1000,1000,0,0.884
0.0,0.34,1.321086660623831,1000,1000,0,0.88
0.0,-0.61,1.3416400853735964,1000,1000,0,0.873
0.0,0.61,1.3416400853735964,1000,1000,0,0.859
0.0,-0.35,1.387198692069496,1000,1000,0,0.893
0.0,0.35,1.387198692069496,1000,1000,0,0.871
0.0,-0.6,1.4162781538589695,1000,1000,0,0.862
0.0,0.6,1.4162781538589695,1000,1000,0,0.888
0.0,-0.36,1.452277038594171,1000,1000,0,0.883
0.0,0.36,1.452277038594171,1000,1000,0,0.862
0.0,-0.59,1.489064288136726,1000,1000,0,0.878
0.0,0.59,1.489064288136726,1000,1000,0,0.865
0.0,-0.37,1.5157939294437768,1000,1000,0,0.897
0.0,0.37,1.5157939294437768,1000,1000,0,0.878
0.0,-0.58,1.5590917007145466,1000,1000,0,0.875
0.0,0.58,1.5590917007145466,1000,1000,0,0.877
0.0,-0.38,1.5771785422316904,1000,1000,0,0.879
0.0,0.38,1.5771785422316904,1000,1000,0,0.9
0.0,-0.57,1.6254445436521263,1000,1000,0,0.887
0.0,0.57,1.6254445436521263,1000,1000,0,0.867
0.0,-0.39,1.6358217662064853,1000,1000,0,0.88
0.0,0.39,1.6358217662064853,1000,1000,0,0.893
0.0,-0.56,1.6872235447152832,1000,1000,0,0.872
0.0,0.56,1.6872235447152832,1000,1000,0,0.882
0.0,-0.4,1.691083196275024,1000,1000,0,0.866
0.0,0.4,1.691083196275024,1000,1000,0,0.867
0.0,-0.41,1.7423005369644655,1000,1000,0,0.877
0.0,0.41,1.7423005369644655,1000,1000,0,0.871
0.0,-0.55,1.7435725677180296,1000,1000,0,0.867
0.0,0.55,1.7435725677180296,1000,1000,0,0.9
0.0,-0.42,1.7888014942155301,1000,1000,0,0.892
0.0,0.42,1.7888014942155301,1000,1000,0,0.89
0.0,-0.54,1.7937046927937612,1000,1000,0,0.885
0.0,0.54,1.7937046927937612,1000,1000,0,0.888
0.0,-0.43,1.8299180974041855,1000,1000,0,0.881
0.0,0.43,1.8299180974041855,1000,1000,0,0.884
0.0,-0.53,1.8369263703422312,1000,1000,0,0.877
0.0,0.53,1.8369263703422312,1000,1000,0,0.88
0.0,-0.44,1.8650032271278694,1000,1000,0,0.879
0.0,0.44,1.8650032271278694,1000,1000,0,0.869
0.0,-0.52,1.8726582866632224,1000,1000,0,0.863
0.0,0.52,1.8726582866632224,1000,1000,0,0.884
0.0,-0.45,1.8934489335981672,1000,1000,0,0.876
0.0,0.45,1.8934489335981672,1000,1000,0,0.89
0.0,-0.51,1.9004517857074674,1000,1000,0,0.892
0.0,0.51,1.9004517857074674,1000,1000,0,0.899
0.0,-0.46,1.9147059287382429,1000,1000,0,0.893
0.0,0.46,1.9147059287382429,1000,1000,0,0.894
0.0,-0.5,1.92,1000,1000,0,0.888
0.0,0.5,1.92,1000,1000,0,0.869
0.0,-0.47,1.9283034401854584,1000,1000,0,0.89
0.0,0.47,1.9283034401854584,1000,1000,0,0.887
0.0,-0.49,1.9311432215493631,1000,1000,0,0.883
0.0,0.49,1.9311432215493631,1000,1000,0,0.886
0.0,-0.48,1.9338684492749296,1000,1000,0,0.87
0.0,0.48,1.9338684492749296,1000,1000,0,0.893
0.05,0.0,0.0,1000,1000,0,0.835
0.05,-1.5,0.0008040365613291915,1000,1000,0,0.998
0.05,1.5,0.0008040365613291915,1000,1000,0,1.0
0.05,-1.49,0.0008592739096300577,1000,1000,0,1.0
0.05,1.49,0.0008592739096300577,1000,1000,0,0.999
0.05,-1.48,0.0009187001511788128,1000,1000,0,0.999
0.05,1.48,0.0009187001511788128,1000,1000,0,0.996
0.05,-1.47,0.000982662600765714,1000,1000,0,0.996
0.05,1.47,0.000982662600765714,1000,1000,0,0.998
0.05,-1.46,0.001051539787313995,1000,1000,0,0.997
0.05,1.46,0.001051539787313995,1000,1000,0,0.996
0.05,-1.45,0.001125744469935113,1000,1000,0,0.998
0.05,1.45,0.001125744469935113,1000,1000,0,0.996
0.05,-0.01,0.0011999999999615998,1000,1000,0,0.86
0.05,0.01,0.0011999999999615998,1000,1000,0,0.834
0.05,-1.44,0.0012057269647741244,1000,1000,0,0.995
0.05,1.44,0.0012057269647741244,1000,1000,0,0.99
0.05,-1.43,0.001291978816507661,1000,1000,0,0.996
0.05,1.43,0.001291978816507661,1000,1000,0,0.997
0.05,-1.42,0.001385036852220324,1000,1000,0,0.991
0.05,1.42,0.001385036852220324,1000,1000,0,0.999
0.05,-1.41,0.00148548765970461,1000,1000,0,0.999
0.05,1.41,0.00148548765970461,1000,1000,0,0.995
0.05,-1.4,0.0015939725370594567,1000,1000,0,0.998
0.05,1.4,0.0015939725370594567,1000,1000,0,0.999
0.05,-1.39,0.001711192965864326,1000,1000,0,0.997
0.05,1.39,0.001711192965864326,1000,1000,0,0.996
0.05,-1.38,0.0018379166662479064,1000,1000,0,1.0
0.05,1.38,0.0018379166662479064,1000,1000,0,0.997
0.05,-1.37,0.0019749842989293677,1000,1000,0,0.999
0.05,1.37,0.0019749842989293677,1000,1000,0,0.999
0.05,-1.36,0.0021233168868709552,1000,1000,0,0.996
0.05,1.36,0.0021233168868709552,1000,1000,0,0.998
0.05,-1.35,0.002283924037638442,1000,1000,0,0.997
0.05,1.35,0.002283924037638442,1000,1000,0,0.999
0.05,-1.34,0.002457913057026501,1000,1000,0,0.998
0.05,1.34,0.002457913057026501,1000,1000,0,0.997
0.05,-1.33,0.0026464990550864407,1000,1000,0,0.998
0.05,1.33,0.0026464990550864407,1000,1000,0,0.998
0.05,-1.32,0.0028510161575244905,1000,1000,0,0.998
0.05,1.32,0.0028510161575244905,1000,1000,0,0.997
0.05,-1.31,0.003072929948663575,1000,1000,0,0.996
0.05,1.31,0.003072929948663575,1000,1000,0,0.998
0.05,-1.3,0.003313851286939209,1000,1000,0,0.996
0.05,1.3,0.003313851286939209,1000,1000,0,0.997
0.05,-1.29,0.0035755516504052216,1000,1000,0,0.997
0.05,1.29,0.0035755516504052216,1000,1000,0,0.995
0.05,-1.28,0.003859980188148721,1000,1000,0,0.995
0.05,1.28,0.003859980188148721,1000,1000,0,0.992
0.05,-1.27,0.004169282674064593,1000,1000,0,0.996
0.05,1.27,0.004169282674064593,1000,1000,0,0.993
0.05,-1.26,0.004505822582343889,1000,1000,0,0.995
0.05,1.26,0.004505822582343889,1000,1000,0,0.996
0.05,-0.02,0.004799999990169601,1000,1000,0,0.841
0.05,0.02,0.004799999990169601,1000,1000,0,0.82
0.05,-1.25,0.004872204529531695,1000,1000,0,0.993
0.05,1.25,0.004872204529531695,1000,1000,0,0.995
0.05,-1.24,0.005271300356368939,1000,1000,0,0.994
0.05,1.24,0.005271300356368939,1000,1000,0,0.997
0.05,-1.23,0.005706278154125387,1000,1000,0,0.995
0.05,1.23,0.005706278154125387,1000,1000,0,0.991
0.05,-1.22,0.006180634575046596,1000,1000,0,0.997
0.05,1.22,0.006180634575046596,1000,1000,0,0.993
0.05,-1.21,0.0066982308051735835,1000,1000,0,0.993
0.05,1.21,0.0066982308051735835,1000,1000,0,0.995
0.05,-1.2,0.007263332620450754,1000,1000,0,0.998
0.05,1.2,0.007263332620450754,1000,1000,0,0.989
0.05,-1.19,0.007880654994009717,1000,1000,0,0.992
0.05,1.19,0.007880654994009717,1000,1000,0,0.99
0.05,-1.18,0.008555411774080894,1000,1000,0,0.989
0.05,1.18,0.008555411774080894,1000,1000,0,0.993
0.05,-1.17,0.009293371008384411,1000,1000,0,0.996
0.05,1.17,0.009293371008384411,1000,1000,0,0.991
0.05,-1.16,0.010100916552275385,1000,1000,0,0.994
0.05,1.16,0.010100916552275385,1000,1000,0,0.989
0.05,-0.03,0.010799999748057605,1000,1000,0,0.838
0.05,0.03,0.010799999748057605,1000,1000,0,0.859
0.05,-1.15,0.010985116664471408,1000,1000,0,0.984
0.05,1.15,0.010985116664471408,1000,1000,0,0.991
0.05,-1.14,0.011953800365858845,1000,1000,0,0.99
0.05,1.14,0.011953800365858845,1000,1000,0,0.987
0.05,-1.13,0.013015642413479798,1000,1000,0,0.992
0.05,1.13,0.013015642413479798,1000,1000,0,0.992
0.05,-1.12,0.0141802578229385,1000,1000,0,0.986
0.05,1.12,0.0141802578229385,1000,1000,0,0.987
0.05,-1.11,0.015458306957428303,1000,1000,0,0.984
0.05,1.11,0.015458306957428303,1000,1000,0,0.984
0.05,-1.1,0.016861612289265113,1000,1000,0,0.983
0.05,1.1,0.016861612289265113,1000,1000,0,0.988
0.05,-1.09,0.018403288028604223,1000,1000,0,0.985
0.05,1.09,0.018403288028604223,1000,1000,0,0.978
0.05,-0.04,0.01919999748341785,1000,1000,0,0.851
0.05,0.04,0.01919999748341785,1000,1000,0,0.853
0.05,-1.08,0.020097883901630576,1000,1000,0,0.981
0.05,1.08,0.020097883901630576,1000,1000,0,0.984
0.05,-1.07,0.021961544443826305,1000,1000,0,0.988
0.05,1.07,0.021961544443826305,1000,1000,0,0.977
0.05,-1.06,0.024012185248739843,1000,1000,0,0.978
0.05,1.06,0.024012185248739843,1000,1000,0,0.978
0.05,-1.05,0.026269687673482277,1000,1000,0,0.989
0.05,1.05,0.026269687673482277,1000,1000,0,0.982
0.05,-1.04,0.02875611354177527,1000,1000,0,0.981
0.05,1.04,0.02875611354177527,1000,1000,0,0.969
0.05,-0.05,0.02999998500000563,1000,1000,0,0.847
0.05,0.05,0.02999998500000563,1000,1000,0,0.851
0.05,-1.03,0.03149594139454397,1000,1000,0,0.982
0.05,1.03,0.03149594139454397,1000,1000,0,0.974
0.05,-1.02,0.03451632580507263,1000,1000,0,0.964
0.05,1.02,0.03451632580507263,1000,1000,0,0.969
0.05,-1.01,0.03784738118588884,1000,1000,0,0.963
0.05,1.01,0.03784738118588884,1000,1000,0,0.972
0.05,-1.0,0.04152249134948097,1000,1000,0,0.958
0.05,1.0,0.04152249134948097,1000,1000,0,0.969
0.05,-0.06,0.04319993550281783,1000,1000,0,0.845
0.05,0.06,0.04319993550281783,1000,1000,0,0.835
0.05,-0.99,0.045578645822079836,1000,1000,0,0.961
0.05,0.99,0.045578645822079836,1000,1000,0,0.958
0.05,-0.98,0.05005680352147241,1000,1000,0,0.953
0.05,0.98,0.05005680352147241,1000,1000,0,0.96
0.05,-0.97,0.05500228386285701,1000,1000,0,0.96
0.05,0.97,0.05500228386285701,1000,1000,0,0.956
0.05,-0.07,0.05879977863226665,1000,1000,0,0.871
0.05,0.07,0.05879977863226665,1000,1000,0,0.86
0.05,-0.96,0.06046518461134927,1000,1000,0,0.953
0.05,0.96,0.06046518461134927,1000,1000,0,0.958
0.05,-0.95,0.06650082480906248,1000,1000,0,0.944
0.05,0.95,0.06650082480906248,1000,1000,0,0.953
0.05,-0.94,0.07317020981432597,1000,1000,0,0.934
0.05,0.94,0.07317020981432597,1000,1000,0,0.942
0.05,-0.08,0.07679935575895884,1000,1000,0,0.843
0.05,0.08,0.07679935575895884,1000,1000,0,0.832
0.05,-0.93,0.08054051383851042,1000,1000,0,0.943
0.05,0.93,0.08054051383851042,1000,1000,0,0.937
0.05,-0.92,0.08868557328277528,1000,1000,0,0.927
0.05,0.92,0.08868557328277528,1000,1000,0,0.939
0.05,-0.09,0.09719834702699662,1000,1000,0,0.819
0.05,0.09,0.09719834702699662,1000,1000,0,0.838
0.05,-0.91,0.09768638158746905,1000,1000,0,0.93
0.05,0.91,0.09768638158746905,1000,1000,0,0.91
0.05,-0.9,0.10763157313187557,1000,1000,0,0.916
0.05,0.9,0.10763157313187557,1000,1000,0,0.924
0.05,-0.89,0.11861787988279328,1000,1000,0,0.914
0.05,0.89,0.11861787988279328,1000,1000,0,0.925
0.05,-0.1,0.11999616009215804,1000,1000,0,0.859
0.05,0.1,0.11999616009215804,1000,1000,0,0.833
0.05,-0.88,0.1307505399148652,1000,1000,0,0.917
0.05,0.88,0.1307505399148652,1000,1000,0,0.903
0.05,-0.87,0.14414363155688628,1000,1000,0,0.916
0.05,0.87,0.14414363155688628,1000,1000,0,0.905
0.05,-0.11,0.14519176896893382,1000,1000,0,0.832
0.05,0.11,0.14519176896893382,1000,1000,0,0.856
0.05,-0.86,0.15892030072772242,1000,1000,0,0.888
0.05,0.86,0.15892030072772242,1000,1000,0,0.911
0.05,-0.12,0.17278348988605746,1000,1000,0,0.853
0.05,0.12,0.17278348988605746,1000,1000,0,0.839
0.05,-0.85,0.17521284202890733,1000,1000,0,0.909
0.05,0.85,0.17521284202890733,1000,1000,0,0.889
0.05,-0.84,0.1931625864407521,1000,1000,0,0.892
0.05,0.84,0.1931625864407521,1000,1000,0,0.89
0.05,-0.13,0.20276867956862607,1000,1000,0,0.854
0.05,0.13,0.20276867956862607,1000,1000,0,0.837
0.05,-0.83,0.21291954020056456,1000,1000,0,0.883
0.05,0.83,0.21291954020056456,1000,1000,0,0.891
0.05,-0.82,0.23464171092655278,1000,1000,0,0.895
0.05,0.82,0.23464171092655278,1000,1000,0,0.878
0.05,-0.14,0.23514333993943035,1000,1000,0,0.847
0.05,0.14,0.23514333993943035,1000,1000,0,0.851
0.05,-0.81,0.2584940487525062,1000,1000,0,0.874
0.05,0.81,0.2584940487525062,1000,1000,0,0.892
0.05,-0.15,0.26990161189766443,1000,1000,0,0.837
0.05,0.15,0.26990161189766443,1000,1000,0,0.859
0.05,-0.8,0.2846469228206227,1000,1000,0,0.868
0.05,0.8,0.2846469228206227,1000,1000,0,0.884
0.05,-0.16,0.30703513964035173,1000,1000,0,0.832
0.05,0.16,0.30703513964035173,1000,1000,0,0.854
0.05,-0.79,0.3132740478451049,1000,1000,0,0.876
0.05,0.79,0.3132740478451049,1000,1000,0,0.869
0.05,-0.78,0.3445497727768891,1000,1000,0,0.855
0.05,0.78,0.3445497727768891,1000,1000,0,0.873
0.05,-0.17,0.34653228601140323,1000,1000,0,0.853
0.05,0.17,0.34653228601140323,1000,1000,0,0.845
0.05,-0.77,0.37864564531931555,1000,1000,0,0.853
0.05,0.77,0.37864564531931555,1000,1000,0,0.87
0.05,-0.18,0.38837717869141103,1000,1000,0,0.863
0.05,0.18,0.38837717869141103,1000,1000,0,0.866
0.05,-0.76,0.41572617387825983,1000,1000,0,0.866
0.05,0.76,0.41572617387825983,1000,1000,0,0.853
0.05,-0.19,0.43254856680543297,1000,1000,0,0.852
0.05,0.19,0.43254856680543297,1000,1000,0,0.828
0.05,-0.75,0.4559437243938262,1000,1000,0,0.849
0.05,0.75,0.4559437243938262,1000,1000,0,0.874
0.05,-0.2,0.47901846789049146,1000,1000,0,0.848
0.05,0.2,0.47901846789049146,1000,1000,0,0.823
0.05,-0.74,0.4994325153921041,1000,1000,0,0.856
0.05,0.74,0.4994325153921041,1000,1000,0,0.861
0.05,-0.21,0.5277505863365177,1000,1000,0,0.88
0.05,0.21,0.5277505863365177,1000,1000,0,0.849
0.05,-0.73,0.5463017123971913,1000,1000,0,0.829
0.05,0.73,0.5463017123971913,1000,1000,0,0.849
0.05,-0.22,0.5786984866487767,1000,1000,0,0.84
0.05,0.22,0.5786984866487767,1000,1000,0,0.848
0.05,-0.72,0.5966276740357311,1000,1000,0,0.862
0.05,0.72,0.5966276740357311,1000,1000,0,0.854
0.05,-0.23,0.6318035084817841,1000,1000,0,0.838
0.05,0.23,0.6318035084817841,1000,1000,0,0.865
0.05,-0.71,0.6504454674471667,1000,1000,0,0.848
0.05,0.71,0.6504454674471667,1000,1000,0,0.84
0.05,-0.24,0.6869924157200895,1000,1000,0,0.857
0.05,0.24,0.6869924157200895,1000,1000,0,0.847
0.05,-0.7,0.7077398494427007,1000,1000,0,0.856
0.05,0.7,0.7077398494427007,1000,1000,0,0.857
0.05,-0.25,0.744174779330497,1000,1000,0,0.844
0.05,0.25,0.744174779330497,1000,1000,0,0.848
0.05,-0.69,0.7684359999585705,1000,1000,0,0.868
0.05,0.69,0.7684359999585705,1000,1000,0,0.819
0.05,-0.26,0.8032401037160283,1000,1000,0,0.856
0.05,0.26,0.8032401037160283,1000,1000,0,0.823
0.05,-0.68,0.8323903912442425,1000,1000,0,0.832
0.05,0.68,0.8323903912442425,1000,1000,0,0.852
0.05,-0.27,0.864054719305603,1000,1000,0,0.846
0.05,0.27,0.864054719305603,1000,1000,0,0.855
0.05,-0.67,0.8993822728906978,1000,1000,0,0.851
0.05,0.67,0.8993822728906978,1000,1000,0,0.862
0.05,-0.28,0.9264584805288438,1000,1000,0,0.865
0.05,0.28,0.9264584805288438,1000,1000,0,0.847
0.05,-0.66,0.9691063395961947,1000,1000,0,0.861
0.05,0.66,0.9691063395961947,1000,1000,0,0.851
0.05,-0.29,0.9902613284849495,1000,1000,0,0.856
0.05,0.29,0.9902613284849495,1000,1000,0,0.851
0.05,-0.65,1.041167213552968,1000,1000,0,0.856
0.05,0.65,1.041167213552968,1000,1000,0,0.866
0.05,-0.3,1.0552398016959998,1000,1000,0,0.883
0.05,0.3,1.0552398016959998,1000,1000,0,0.839
0.05,-0.64,1.1150764031488263,1000,1000,0,0.854
0.05,0.64,1.1150764031488263,1000,1000,0,0.873
0.05,-0.31,1.1211336062658486,1000,1000,0,0.86
0.05,0.31,1.1211336062658486,1000,1000,0,0.838
0.05,-0.32,1.187642388106947,1000,1000,0,0.85
0.05,0.32,1.187642388106947,1000,1000,0,0.841
0.05,-0.63,1.1902523809602896,1000,1000,0,0.846
0.05,0.63,1.1902523809602896,1000,1000,0,0.859
0.05,-0.33,1.2544228837090776,1000,1000,0,0.852
0.05,0.33,1.2544228837090776,1000,1000,0,0.854
0.05,-0.62,1.266024345442561,1000,1000,0,0.849
0.05,0.62,1.266024345442561,1000,1000,0,0.874
0.05,-0.34,1.321086660623831,1000,1000,0,0.851
0.05,0.34,1.321086660623831,1000,1000,0,0.847
0.05,-0.61,1.3416400853735964,1000,1000,0,0.855
0.05,0.61,1.3416400853735964,1000,1000,0,0.865
0.05,-0.35,1.387198692069496,1000,1000,0,0.857
0.05,0.35,1.387198692069496,1000,1000,0,0.844
0.05,-0.6,1.4162781538589695,1000,1000,0,0.856
0.05,0.6,1.4162781538589695,1000,1000,0,0.849
0.05,-0.36,1.452277038594171,1000,1000,0,0.858
0.05,0.36,1.452277038594171,1000,1000,0,0.866
0.05,-0.59,1.489064288136726,1000,1000,0,0.863
0.05,0.59,1.489064288136726,1000,1000,0,0.86
0.05,-0.37,1.5157939294437768,1000,1000,0,0.873
0.05,0.37,1.5157939294437768,1000,1000,0,0.856
0.05,-0.58,1.5590917007145466,1000,1000,0,0.867
0.05,0.58,1.5590917007145466,1000,1000,0,0.85
0.05,-0.38,1.5771785422316904,1000,1000,0,0.869
0.05,0.38,1.5771785422316904,1000,1000,0,0.862
0.05,-0.57,1.6254445436521263,1000,1000,0,0.865
0.05,0.57,1.6254445436521263,1000,1000,0,0.849
0.05,-0.39,1.6358217662064853,1000,1000,0,0.871
0.05,0.39,1.6358217662064853,1000,1000,0,0.859
0.05,-0.56,1.6872235447152832,1000,1000,0,0.874
0.05,0.56,1.6872235447152832,1000,1000,0,0.861
0.05,-0.4,1.691083196275024,1000,1000,0,0.854
0.05,0.4,1.691083196275024,1000,1000,0,0.857
0.05,-0.41,1.7423005369644655,1000,1000,0,0.86
0.05,0.41,1.7423005369644655,1000,1000,0,0.867
0.05,-0.55,1.7435725677180296,1000,1000,0,0.848
0.05,0.55,1.7435725677180296,1000,1000,0,0.872
0.05,-0.42,1.7888014942155301,1000,1000,0,0.847
0.05,0.42,1.7888014942155301,1000,1000,0,0.879
0.05,-0.54,1.7937046927937612,1000,1000,0,0.875
0.05,0.54,1.7937046927937612,1000,1000,0,0.867
0.05,-0.43,1.8299180974041855,1000,1000,0,0.864
0.05,0.43,1.8299180974041855,1000,1000,0,0.886
0.05,-0.53,1.8369263703422312,1000,1000,0,0.858
0.05,0.53,1.8369263703422312,1000,1000,0,0.862
0.05,-0.44,1.8650032271278694,1000,1000,0,0.88
0.05,0.44,1.8650032271278694,1000,1000,0,0.855
0.05,-0.52,1.8726582866632224,1000,1000,0,0.864
0.05,0.52,1.8726582866632224,1000,1000,0,0.88
0.05,-0.45,1.8934489335981672,1000,1000,0,0.87
0.05,0.45,1.8934489335981672,1000,1000,0,0.854
0.05,-0.51,1.9004517857074674,1000,1000,0,0.871
0.05,0.51,1.9004517857074674,1000,1000,0,0.885
0.05,-0.46,1.9147059287382429,1000,1000,0,0.877
0.05,0.46,1.9147059287382429,1000,1000,0,0.858
0.05,-0.5,1.92,1000,1000,0,0.853
0.05,0.5,1.92,1000,1000,0,0.881
0.05,-0.47,1.9283034401854584,1000,1000,0,0.87
0.05,0.47,1.9283034401854584,1000,1000,0,0.882
0.05,-0.49,1.9311432215493631,1000,1000,0,0.864
0.05,0.49,1.9311432215493631,1000,1000,0,0.866
0.05,-0.48,1.9338684492749296,1000,1000,0,0.868
0.05,0.48,1.9338684492749296,1000,1000,0,0.877
0.1,0.0,0.0,1000,1000,0,0.82
0.1,-1.5,0.0008040365613291915,1000,1000,0,0.998
0.1,1.5,0.0008040365613291915,1000,1000,0,0.999
0.1,-1.49,0.0008592739096300577,1000,1000,0,0.999
0.1,1.49,0.0008592739096300577,1000,1000,0,0.996
0.1,-1.48,0.0009187001511788128,1000,1000,0,0.997
0.1,1.48,0.0009187001511788128,1000,1000,0,0.994
0.1,-1.47,0.000982662600765714,1000,1000,0,1.0
0.1,1.47,0.000982662600765714,1000,1000,0,1.0
0.1,-1.46,0.001051539787313995,1000,1000,0,0.997
0.1,1.46,0.001051539787313995,1000,1000,0,0.998
0.1,-1.45,0.001125744469935113,1000,1000,0,0.996
0.1,1.45,0.001125744469935113,1000,1000,0,0.998
0.1,-0.01,0.0011999999999615998,1000,1000,0,0.828
0.1,0.01,0.0011999999999615998,1000,1000,0,0.801
0.1,-1.44,0.0012057269647741244,1000,1000,0,0.999
0.1,1.44,0.0012057269647741244,1000,1000,0,0.999
0.1,-1.43,0.001291978816507661,1000,1000,0,0.998
0.1,1.43,0.001291978816507661,1000,1000,0,0.995
0.1,-1.42,0.001385036852220324,1000,1000,0,0.994
0.1,1.42,0.001385036852220324,1000,1000,0,0.997
0.1,-1.41,0.00148548765970461,1000,1000,0,0.996
0.1,1.41,0.00148548765970461,1000,1000,0,0.997
0.1,-1.4,0.0015939725370594567,1000,1000,0,0.996
0.1,1.4,0.0015939725370594567,1000,1000,0,0.998
0.1,-1.39,0.001711192965864326,1000,1000,0,1.0
0.1,1.39,0.001711192965864326,1000,1000,0,0.999
0.1,-1.38,0.0018379166662479064,1000,1000,0,0.997
0.1,1.38,0.0018379166662479064,1000,1000,0,0.997
0.1,-1.37,0.0019749842989293677,1000,1000,0,1.0
0.1,1.37,0.0019749842989293677,1000,1000,0,0.998
0.1,-1.36,0.0021233168868709552,1000,1000,0,0.996
0.1,1.36,0.0021233168868709552,1000,1000,0,0.998
0.1,-1.35,0.002283924037638442,1000,1000,0,0.999
0.1,1.35,0.002283924037638442,1000,1000,0,1.0
0.1,-1.34,0.002457913057026501,1000,1000,0,1.0
0.1,1.34,0.002457913057026501,1000,1000,0,0.997
0.1,-1.33,0.0026464990550864407,1000,1000,0,0.996
0.1,1.33,0.0026464990550864407,1000,1000,0,0.994
0.1,-1.32,0.0028510161575244905,1000,1000,0,1.0
0.1,1.32,0.0028510161575244905,1000,1000,0,0.992
0.1,-1.31,0.003072929948663575,1000,1000,0,0.996
0.1,1.31,0.003072929948663575,1000,1000,0,0.997
0.1,-1.3,0.003313851286939209,1000,1000,0,0.996
0.1,1.3,0.003313851286939209,1000,1000,0,0.995
0.1,-1.29,0.0035755516504052216,1000,1000,0,0.996
0.1,1.29,0.0035755516504052216,1000,1000,0,0.998
0.1,-1.28,0.003859980188148721,1000,1000,0,0.997
0.1,1.28,0.003859980188148721,1000,1000,0,0.997
0.1,-1.27,0.004169282674064593,1000,1000,0,0.994
0.1,1.27,0.004169282674064593,1000,1000,0,0.994
0.1,-1.26,0.004505822582343889,1000,1000,0,0.994
0.1,1.26,0.004505822582343889,1000,1000,0,0.995
0.1,-0.02,0.004799999990169601,1000,1000,0,0.823
0.1,0.02,0.004799999990169601,1000,1000,0,0.833
0.1,-1.25,0.004872204529531695,1000,1000,0,0.991
0.1,1.25,0.004872204529531695,1000,1000,0,0.996
0.1,-1.24,0.005271300356368939,1000,1000,0,0.995
0.1,1.24,0.005271300356368939,1000,1000,0,0.998
0.1,-1.23,0.005706278154125387,1000,1000,0,0.993
0.1,1.23,0.005706278154125387,1000,1000,0,0.996
0.1,-1.22,0.006180634575046596,1000,1000,0,0.996
0.1,1.22,0.006180634575046596,1000,1000,0,0.992
0.1,-1.21,0.0066982308051735835,1000,1000,0,0.997
0.1,1.21,0.0066982308051735835,1000,1000,0,0.991
0.1,-1.2,0.007263332620450754,1000,1000,0,0.991
0.1,1.2,0.007263332620450754,1000,1000,0,0.991
0.1,-1.19,0.007880654994009717,1000,1000,0,0.993
0.1,1.19,0.007880654994009717,1000,1000,0,0.997
0.1,-1.18,0.008555411774080894,1000,1000,0,0.995
0.1,1.18,0.008555411774080894,1000,1000,0,0.997
0.1,-1.17,0.009293371008384411,1000,1000,0,0.996
0.1,1.17,0.009293371008384411,1000,1000,0,0.994
0.1,-1.16,0.010100916552275385,1000,1000,0,0.99
0.1,1.16,0.010100916552275385,1000,1000,0,0.991
0.1,-0.03,0.010799999748057605,1000,1000,0,0.805
0.1,0.03,0.010799999748057605,1000,1000,0,0.824
0.1,-1.15,0.010985116664471408,1000,1000,0,0.991
0.1,1.15,0.010985116664471408,1000,1000,0,0.991
0.1,-1.14,0.011953800365858845,1000,1000,0,0.989
0.1,1.14,0.011953800365858845,1000,1000,0,0.99
0.1,-1.13,0.013015642413479798,1000,1000,0,0.993
0.1,1.13,0.013015642413479798,1000,1000,0,0.989
0.1,-1.12,0.0141802578229385,1000,1000,0,0.996
0.1,1.12,0.0141802578229385,1000,1000,0,0.981
0.1,-1.11,0.015458306957428303,1000,1000,0,0.992
0.1,1.11,0.015458306957428303,1000,1000,0,0.985
0.1,-1.1,0.016861612289265113,1000,1000,0,0.983
0.1,1.1,0.016861612289265113,1000,1000,0,0.986
0.1,-1.09,0.018403288028604223,1000,1000,0,0.98
0.1,1.09,0.018403288028604223,1000,1000,0,0.981
0.1,-0.04,0.01919999748341785,1000,1000,0,0.815
0.1,0.04,0.01919999748341785,1000,1000,0,0.824
0.1,-1.08,0.020097883901630576,1000,1000,0,0.983
0.1,1.08,0.020097883901630576,1000,1000,0,0.988
0.1,-1.07,0.021961544443826305,1000,1000,0,0.975
0.1,1.07,0.021961544443826305,1000,1000,0,0.984
0.1,-1.06,0.024012185248739843,1000,1000,0,0.975
0.1,1.06,0.024012185248739843,1000,1000,0,0.988
0.1,-1.05,0.026269687673482277,1000,1000,0,0.979
0.1,1.05,0.026269687673482277,1000,1000,0,0.989
0.1,-1.04,0.02875611354177527,1000,1000,0,0.988
0.1,1.04,0.02875611354177527,1000,1000,0,0.98
0.1,-0.05,0.02999998500000563,1000,1000,0,0.808
0.1,0.05,0.02999998500000563,1000,1000,0,0.801
0.1,-1.03,0.03149594139454397,1000,1000,0,0.975
0.1,1.03,0.03149594139454397,1000,1000,0,0.975
0.1,-1.02,0.03451632580507263,1000,1000,0,0.967
0.1,1.02,0.03451632580507263,1000,1000,0,0.965
0.1,-1.01,0.03784738118588884,1000,1000,0,0.953
0.1,1.01,0.03784738118588884,1000,1000,0,0.961
0.1,-1.0,0.04152249134948097,1000,1000,0,0.97
0.1,1.0,0.04152249134948097,1000,1000,0,0.974
0.1,-0.06,0.04319993550281783,1000,1000,0,0.834
0.1,0.06,0.04319993550281783,1000,1000,0,0.815
0.1,-0.99,0.045578645822079836,1000,1000,0,0.959
0.1,0.99,0.045578645822079836,1000,1000,0,0.949
0.1,-0.98,0.05005680352147241,1000,1000,0,0.953
0.1,0.98,0.05005680352147241,1000,1000,0,0.947
0.1,-0.97,0.05500228386285701,1000,1000,0,0.964
0.1,0.97,0.05500228386285701,1000,1000,0,0.958
0.1,-0.07,0.05879977863226665,1000,1000,0,0.821
0.1,0.07,0.05879977863226665,1000,1000,0,0.84
0.1,-0.96,0.06046518461134927,1000,1000,0,0.947
0.1,0.96,0.06046518461134927,1000,1000,0,0.945
0.1,-0.95,0.06650082480906248,1000,1000,0,0.935
0.1,0.95,0.06650082480906248,1000,1000,0,0.948
0.1,-0.94,0.07317020981432597,1000,1000,0,0.928
0.1,0.94,0.07317020981432597,1000,1000,0,0.932
0.1,-0.08,0.07679935575895884,1000,1000,0,0.828
0.1,0.08,0.07679935575895884,1000,1000,0,0.843
0.1,-0.93,0.08054051383851042,1000,1000,0,0.94
0.1,0.93,0.08054051383851042,1000,1000,0,0.935
0.1,-0.92,0.08868557328277528,1000,1000,0,0.931
0.1,0.92,0.08868557328277528,1000,1000,0,0.935
0.1,-0.09,0.09719834702699662,1000,1000,0,0.816
0.1,0.09,0.09719834702699662,1000,1000,0,0.841
0.1,-0.91,0.09768638158746905,1000,1000,0,0.92
0.1,0.91,0.09768638158746905,1000,1000,0,0.931
0.1,-0.9,0.10763157313187557,1000,1000,0,0.929
0.1,0.9,0.10763157313187557,1000,1000,0,0.91
0.1,-0.89,0.11861787988279328,1000,1000,0,0.911
0.1,0.89,0.11861787988279328,1000,1000,0,0.909
0.1,-0.1,0.11999616009215804,1000,1000,0,0.825
0.1,0.1,0.11999616009215804,1000,1000,0,0.821
0.1,-0.88,0.1307505399148652,1000,1000,0,0.894
0.1,0.88,0.1307505399148652,1000,1000,0,0.903
0.1,-0.87,0.14414363155688628,1000,1000,0,0.893
0.1,0.87,0.14414363155688628,1000,1000,0,0.892
0.1,-0.11,0.14519176896893382,1000,1000,0,0.808
0.1,0.11,0.14519176896893382,1000,1000,0,0.812
0.1,-0.86,0.15892030072772242,1000,1000,0,0.888
0.1,0.86,0.15892030072772242,1000,1000,0,0.894
0.1,-0.12,0.17278348988605746,1000,1000,0,0.829
0.1,0.12,0.17278348988605746,1000,1000,0,0.814
0.1,-0.85,0.17521284202890733,1000,1000,0,0.889
0.1,0.85,0.17521284202890733,1000,1000,0,0.875
0.1,-0.84,0.1931625864407521,1000,1000,0,0.877
0.1,0.84,0.1931625864407521,1000,1000,0,0.871
0.1,-0.13,0.20276867956862607,1000,1000,0,0.807
0.1,0.13,0.20276867956862607,1000,1000,0,0.823
0.1,-0.83,0.21291954020056456,1000,1000,0,0.89
0.1,0.83,0.21291954020056456,1000,1000,0,0.886
0.1,-0.82,0.23464171092655278,1000,1000,0,0.88
0.1,0.82,0.23464171092655278,1000,1000,0,0.869
0.1,-0.14,0.23514333993943035,1000,1000,0,0.825
0.1,0.14,0.23514333993943035,1000,1000,0,0.804
0.1,-0.81,0.2584940487525062,1000,1000,0,0.855
0.1,0.81,0.2584940487525062,1000,1000,0,0.828
0.1,-0.15,0.26990161189766443,1000,1000,0,0.808
0.1,0.15,0.26990161189766443,1000,1000,0,0.821
0.1,-0.8,0.2846469228206227,1000,1000,0,0.851
0.1,0.8,0.2846469228206227,1000,1000,0,0.864
0.1,-0.16,0.30703513964035173,1000,1000,0,0.811
0.1,0.16,0.30703513964035173,1000,1000,0,0.809
0.1,-0.79,0.3132740478451049,1000,1000,0,0.86
0.1,0.79,0.3132740478451049,1000,1000,0,0.849
0.1,-0.78,0.3445497727768891,1000,1000,0,0.837
0.1,0.78,0.3445497727768891,1000,1000,0,0.84
0.1,-0.17,0.34653228601140323,1000,1000,0,0.81
0.1,0.17,0.34653228601140323,1000,1000,0,0.81
0.1,-0.77,0.37864564531931555,1000,1000,0,0.856
0.1,0.77,0.37864564531931555,1000,1000,0,0.838
0.1,-0.18,0.38837717869141103,1000,1000,0,0.831
0.1,0.18,0.38837717869141103,1000,1000,0,0.812
0.1,-0.76,0.41572617387825983,1000,1000,0,0.849
0.1,0.76,0.41572617387825983,1000,1000,0,0.841
0.1,-0.19,0.43254856680543297,1000,1000,0,0.814
0.1,0.19,0.43254856680543297,1000,1000,0,0.829
0.1,-0.75,0.4559437243938262,1000,1000,0,0.833
0.1,0.75,0.4559437243938262,1000,1000,0,0.835
0.1,-0.2,0.47901846789049146,1000,1000,0,0.824
0.1,0.2,0.47901846789049146,1000,1000,0,0.817
0.1,-0.74,0.4994325153921041,1000,1000,0,0.843
0.1,0.74,0.4994325153921041,1000,1000,0,0.835
0.1,-0.21,0.5277505863365177,1000,1000,0,0.834
0.1,0.21,0.5277505863365177,1000,1000,0,0.818
0.1,-0.73,0.5463017123971913,1000,1000,0,0.84
0.1,0.73,0.5463017123971913,1000,1000,0,0.853
0.1,-0.22,0.5786984866487767,1000,1000,0,0.819
0.1,0.22,0.5786984866487767,1000,1000,0,0.834
0.1,-0.72,0.5966276740357311,1000,1000,0,0.825
0.1,0.72,0.5966276740357311,1000,1000,0,0.819
0.1,-0.23,0.6318035084817841,1000,1000,0,0.837
0.1,0.23,0.6318035084817841,1000,1000,0,0.818
0.1,-0.71,0.6504454674471667,1000,1000,0,0.843
0.1,0.71,0.6504454674471667,1000,1000,0,0.827
0.1,-0.24,0.6869924157200895,1000,1000,0,0.819
0.1,0.24,0.6869924157200895,1000,1000,0,0.803
0.1,-0.7,0.7077398494427007,1000,1000,0,0.827
0.1,0.7,0.7077398494427007,1000,1000,0,0.844
0.1,-0.25,0.744174779330497,1000,1000,0,0.821
0.1,0.25,0.744174779330497,1000,1000,0,0.801
0.1,-0.69,0.7684359999585705,1000,1000,0,0.847
0.1,0.69,0.7684359999585705,1000,1000,0,0.827
0.1,-0.26,0.8032401037160283,1000,1000,0,0.835
0.1,0.26,0.8032401037160283,1000,1000,0,0.847
0.1,-0.68,0.8323903912442425,1000,1000,0,0.825
0.1,0.68,0.8323903912442425,1000,1000,0,0.859
0.1,-0.27,0.864054719305603,1000,1000,0,0.854
0.1,0.27,0.864054719305603,1000,1000,0,0.808
0.1,-0.67,0.8993822728906978,1000,1000,0,0.854
0.1,0.67,0.8993822728906978,1000,1000,0,0.834
0.1,-0.28,0.9264584805288438,1000,1000,0,0.831
0.1,0.28,0.9264584805288438,1000,1000,0,0.842
0.1,-0.66,0.9691063395961947,1000,1000,0,0.85
0.1,0.66,0.9691063395961947,1000,1000,0,0.851
0.1,-0.29,0.9902613284849495,1000,1000,0,0.839
0.1,0.29,0.9902613284849495,1000,1000,0,0.821
0.1,-0.65,1.041167213552968,1000,1000,0,0.84
0.1,0.65,1.041167213552968,1000,1000,0,0.86
0.1,-0.3,1.0552398016959998,1000,1000,0,0.83
0.1,0.3,1.0552398016959998,1000,1000,0,0.822
0.1,-0.64,1.1150764031488263,1000,1000,0,0.842
0.1,0.64,1.1150764031488263,1000,1000,0,0.848
0.1,-0.31,1.1211336062658486,1000,1000,0,0.809
0.1,0.31,1.1211336062658486,1000,1000,0,0.807
0.1,-0.32,1.187642388106947,1000,1000,0,0.853
0.1,0.32,1.187642388106947,1000,1000,0,0.816
0.1,-0.63,1.1902523809602896,1000,1000,0,0.839
0.1,0.63,1.1902523809602896,1000,1000,0,0.845
0.1,-0.33,1.2544228837090776,1000,1000,0,0.836
0.1,0.33,1.2544228837090776,1000,1000,0,0.84
0.1,-0.62,1.266024345442561,1000,1000,0,0.833
0.1,0.62,1.266024345442561,1000,1000,0,0.859
0.1,-0.34,1.321086660623831,1000,1000,0,0.827
0.1,0.34,1.321086660623831,1000,1000,0,0.834
0.1,-0.61,1.3416400853735964,1000,1000,0,0.831
0.1,0.61,1.3416400853735964,1000,1000,0,0.867
0.1,-0.35,1.387198692069496,1000,1000,0,0.832
0.1,0.35,1.387198692069496,1000,1000,0,0.842
0.1,-0.6,1.4162781538589695,1000,1000,0,0.846
0.1,0.6,1.4162781538589695,1000,1000,0,0.836
0.1,-0.36,1.452277038594171,1000,1000,0,0.843
0.1,0.36,1.452277038594171,1000,1000,0,0.834
0.1,-0.59,1.489064288136726,1000,1000,0,0.841
0.1,0.59,1.489064288136726,1000,1000,0,0.837
0.1,-0.37,1.5157939294437768,1000,1000,0,0.852
0.1,0.37,1.5157939294437768,1000,1000,0,0.842
0.1,-0.58,1.5590917007145466,1000,1000,0,0.861
0.1,0.58,1.5590917007145466,1000,1000,0,0.848
0.1,-0.38,1.5771785422316904,1000,1000,0,0.834
0.1,0.38,1.5771785422316904,1000,1000,0,0.855
0.1,-0.57,1.6254445436521263,1000,1000,0,0.846
0.1,0.57,1.6254445436521263,1000,1000,0,0.856
0.1,-0.39,1.6358217662064853,1000,1000,0,0.829
0.1,0.39,1.6358217662064853,1000,1000,0,0.87
0.1,-0.56,1.6872235447152832,1000,1000,0,0.854
0.1,0.56,1.6872235447152832,1000,1000,0,0.851
0.1,-0.4,1.691083196275024,1000,1000,0,0.839
0.1,0.4,1.691083196275024,1000,1000,0,0.834
0.1,-0.41,1.7423005369644655,1000,1000,0,0.839
0.1,0.41,1.7423005369644655,1000,1000,0,0.848
0.1,-0.55,1.7435725677180296,1000,1000,0,0.845
0.1,0.55,1.7435725677180296,1000,1000,0,0.847
0.1,-0.42,1.7888014942155301,1000,1000,0,0.848
0.1,0.42,1.7888014942155301,1000,1000,0,0.863
0.1,-0.54,1.7937046927937612,1000,1000,0,0.852
0.1,0.54,1.7937046927937612,1000,1000,0,0.854
0.1,-0.43,1.8299180974041855,1000,1000,0,0.863
0.1,0.43,1.8299180974041855,1000,1000,0,0.848
0.1,-0.53,1.8369263703422312,1000,1000,0,0.861
0.1,0.53,1.8369263703422312,1000,1000,0,0.863
0.1,-0.44,1.8650032271278694,1000,1000,0,0.841
0.1,0.44,1.8650032271278694,1000,1000,0,0.829
0.1,-0.52,1.8726582866632224,1000,1000,0,0.859
0.1,0.52,1.8726582866632224,1000,1000,0,0.849
0.1,-0.45,1.8934489335981672,1000,1000,0,0.86
0.1,0.45,1.8934489335981672,1000,1000,0,0.837
0.1,-0.51,1.9004517857074674,1000,1000,0,0.865
0.1,0.51,1.9004517857074674,1000,1000,0,0.861
0.1,-0.46,1.9147059287382429,1000,1000,0,0.855
0.1,0.46,1.9147059287382429,1000,1000,0,0.844
0.1,-0.5,1.92,1000,1000,0,0.874
0.1,0.5,1.92,1000,1000,0,0.855
0.1,-0.47,1.9283034401854584,1000,1000,0,0.849
0.1,0.47,1.9283034401854584,1000,1000,0,0.849
0.1,-0.49,1.9311432215493631,1000,1000,0,0.853
0.1,0.49,1.9311432215493631,1000,1000,0,0.868
0.1,-0.48,1.9338684492749296,1000,1000,0,0.843
0.1,0.48,1.9338684492749296,1000,1000,0,0.856
0.15,0.0,0.0,1000,1000,0,0.797
0.15,-1.5,0.0008040365613291915,1000,1000,0,0.998
0.15,1.5,0.0008040365613291915,1000,1000,0,1.0
0.15,-1.49,0.0008592739096300577,1000,1000,0,0.998
0.15,1.49,0.0008592739096300577,1000,1000,0,0.999
0.15,-1.48,0.0009187001511788128,1000,1000,0,0.998
0.15,1.48,0.0009187001511788128,1000,1000,0,0.999
0.15,-1.47,0.000982662600765714,1000,1000,0,0.997
0.15,1.47,0.000982662600765714,1000,1000,0,0.998
0.15,-1.46,0.001051539787313995,1000,1000,0,0.994
0.15,1.46,0.001051539787313995,1000,1000,0,0.996
0.15,-1.45,0.001125744469935113,1000,1000,0,0.998
0.15,1.45,0.001125744469935113,1000,1000,0,0.996
0.15,-0.01,0.0011999999999615998,1000,1000,0,0.783
0.15,0.01,0.0011999999999615998,1000,1000,0,0.817
0.15,-1.44,0.0012057269647741244,1000,1000,0,0.998
0.15,1.44,0.0012057269647741244,1000,1000,0,0.997
0.15,-1.43,0.001291978816507661,1000,1000,0,0.994
0.15,1.43,0.001291978816507661,1000,1000,0,0.996
0.15,-1.42,0.001385036852220324,1000,1000,0,1.0
0.15,1.42,0.001385036852220324,1000,1000,0,0.995
0.15,-1.41,0.00148548765970461,1000,1000,0,0.997
0.15,1.41,0.00148548765970461,1000,1000,0,0.996
0.15,-1.4,0.0015939725370594567,1000,1000,0,0.995
0.15,1.4,0.0015939725370594567,1000,1000,0,1.0
0.15,-1.39,0.001711192965864326,1000,1000,0,0.999
0.15,1.39,0.001711192965864326,1000,1000,0,1.0
0.15,-1.38,0.0018379166662479064,1000,1000,0,0.996
0.15,1.38,0.0018379166662479064,1000,1000,0,0.995
0.15,-1.37,0.0019749842989293677,1000,1000,0,0.998
0.15,1.37,0.0019749842989293677,1000,1000,0,0.998
0.15,-1.36,0.0021233168868709552,1000,1000,0,0.999
0.15,1.36,0.0021233168868709552,1000,1000,0,0.996
0.15,-1.35,0.002283924037638442,1000,1000,0,0.997
0.15,1.35,0.002283924037638442,1000,1000,0,0.996
0.15,-1.34,0.002457913057026501,1000,1000,0,0.998
0.15,1.34,0.002457913057026501,1000,1000,0,0.996
0.15,-1.33,0.0026464990550864407,1000,1000,0,1.0
0.15,1.33,0.0026464990550864407,1000,1000,0,0.998
0.15,-1.32,0.0028510161575244905,1000,1000,0,0.997
0.15,1.32,0.0028510161575244905,1000,1000,0,0.994
0.15,-1.31,0.003072929948663575,1000,1000,0,0.998
0.15,1.31,0.003072929948663575,1000,1000,0,1.0
0.15,-1.3,0.003313851286939209,1000,1000,0,0.996
0.15,1.3,0.003313851286939209,1000,1000,0,0.996
0.15,-1.29,0.0035755516504052216,1000,1000,0,0.995
0.15,1.29,0.0035755516504052216,1000,1000,0,0.993
0.15,-1.28,0.003859980188148721,1000,1000,0,0.997
0.15,1.28,0.003859980188148721,1000,1000,0,0.998
0.15,-1.27,0.004169282674064593,1000,1000,0,0.995
0.15,1.27,0.004169282674064593,1000,1000,0,0.995
0.15,-1.26,0.004505822582343889,1000,1000,0,0.994
0.15,1.26,0.004505822582343889,1000,1000,0,0.99
0.15,-0.02,0.004799999990169601,1000,1000,0,0.792
0.15,0.02,0.004799999990169601,1000,1000,0,0.814
0.15,-1.25,0.004872204529531695,1000,1000,0,0.994
0.15,1.25,0.004872204529531695,1000,1000,0,0.996
0.15,-1.24,0.005271300356368939,1000,1000,0,0.994
0.15,1.24,0.005271300356368939,1000,1000,0,0.991
0.15,-1.23,0.005706278154125387,1000,1000,0,0.995
0.15,1.23,0.005706278154125387,1000,1000,0,0.995
0.15,-1.22,0.006180634575046596,1000,1000,0,0.995
0.15,1.22,0.006180634575046596,1000,1000,0,0.999
0.15,-1.21,0.0066982308051735835,1000,1000,0,0.996
0.15,1.21,0.0066982308051735835,1000,1000,0,0.992
0.15,-1.2,0.007263332620450754,1000,1000,0,0.993
0.15,1.2,0.007263332620450754,1000,1000,0,0.993
0.15,-1.19,0.007880654994009717,1000,1000,0,0.989
0.15,1.19,0.007880654994009717,1000,1000,0,0.99
0.15,-1.18,0.008555411774080894,1000,1000,0,0.99
0.15,1.18,0.008555411774080894,1000,1000,0,0.992
0.15,-1.17,0.009293371008384411,1000,1000,0,0.994
0.15,1.17,0.009293371008384411,1000,1000,0,0.988
0.15,-1.16,0.010100916552275385,1000,1000,0,0.986
0.15,1.16,0.010100916552275385,1000,1000,0,0.986
0.15,-0.03,0.010799999748057605,1000,1000,0,0.791
0.15,0.03,0.010799999748057605,1000,1000,0,0.807
0.15,-1.15,0.010985116664471408,1000,1000,0,0.992
0.15,1.15,0.010985116664471408,1000,1000,0,0.992
0.15,-1.14,0.011953800365858845,1000,1000,0,0.988
0.15,1.14,0.011953800365858845,1000,1000,0,0.993
0.15,-1.13,0.013015642413479798,1000,1000,0,0.987
0.15,1.13,0.013015642413479798,1000,1000,0,0.986
0.15,-1.12,0.0141802578229385,1000,1000,0,0.989
0.15,1.12,0.0141802578229385,1000,1000,0,0.993
0.15,-1.11,0.015458306957428303,1000,1000,0,0.993
0.15,1.11,0.015458306957428303,1000,1000,0,0.988
0.15,-1.1,0.016861612289265113,1000,1000,0,0.987
0.15,1.1,0.016861612289265113,1000,1000,0,0.986
0.15,-1.09,0.018403288028604223,1000,1000,0,0.985
0.15,1.09,0.018403288028604223,1000,1000,0,0.983
0.15,-0.04,0.01919999748341785,1000,1000,0,0.788
0.15,0.04,0.01919999748341785,1000,1000,0,0.785
0.15,-1.08,0.020097883901630576,1000,1000,0,0.982
0.15,1.08,0.020097883901630576,1000,1000,0,0.984
0.15,-1.07,0.021961544443826305,1000,1000,0,0.982
0.15,1.07,0.021961544443826305,1000,1000,0,0.969
0.15,-1.06,0.024012185248739843,1000,1000,0,0.979
0.15,1.06,0.024012185248739843,1000,1000,0,0.978
0.15,-1.05,0.026269687673482277,1000,1000,0,0.979
0.15,1.05,0.026269687673482277,1000,1000,0,0.978
0.15,-1.04,0.02875611354177527,1000,1000,0,0.97
0.15,1.04,0.02875611354177527,1000,1000,0,0.982
0.15,-0.05,0.02999998500000563,1000,1000,0,0.799
0.15,0.05,0.02999998500000563,1000,1000,0,0.791
0.15,-1.03,0.03149594139454397,1000,1000,0,0.976
0.15,1.03,0.03149594139454397,1000,1000,0,0.966
0.15,-1.02,0.03451632580507263,1000,1000,0,0.971
0.15,1.02,0.03451632580507263,1000,1000,0,0.968
0.15,-1.01,0.03784738118588884,1000,1000,0,0.963
0.15,1.01,0.03784738118588884,1000,1000,0,0.964
0.15,-1.0,0.04152249134948097,1000,1000,0,0.964
0.15,1.0,0.04152249134948097,1000,1000,0,0.969
0.15,-0.06,0.04319993550281783,1000,1000,0,0.795
0.15,0.06,0.04319993550281783,1000,1000,0,0.79
0.15,-0.99,0.045578645822079836,1000,1000,0,0.948
0.15,0.99,0.045578645822079836,1000,1000,0,0.96
0.15,-0.98,0.05005680352147241,1000,1000,0,0.959
0.15,0.98,0.05005680352147241,1000,1000,0,0.955
0.15,-0.97,0.05500228386285701,1000,1000,0,0.95
0.15,0.97,0.05500228386285701,1000,1000,0,0.927
0.15,-0.07,0.05879977863226665,1000,1000,0,0.806
0.15,0.07,0.05879977863226665,1000,1000,0,0.795
0.15,-0.96,0.06046518461134927,1000,1000,0,0.932
0.15,0.96,0.06046518461134927,1000,1000,0,0.937
0.15,-0.95,0.06650082480906248,1000,1000,0,0.94
0.15,0.95,0.06650082480906248,1000,1000,0,0.935
0.15,-0.94,0.07317020981432597,1000,1000,0,0.93
0.15,0.94,0.07317020981432597,1000,1000,0,0.926
0.15,-0.08,0.07679935575895884,1000,1000,0,0.786
0.15,0.08,0.07679935575895884,1000,1000,0,0.79
0.15,-0.93,0.08054051383851042,1000,1000,0,0.918
0.15,0.93,0.08054051383851042,1000,1000,0,0.907
0.15,-0.92,0.08868557328277528,1000,1000,0,0.917
0.15,0.92,0.08868557328277528,1000,1000,0,0.929
0.15,-0.09,0.09719834702699662,1000,1000,0,0.816
0.15,0.09,0.09719834702699662,1000,1000,0,0.819
0.15,-0.91,0.09768638158746905,1000,1000,0,0.905
0.15,0.91,0.09768638158746905,1000,1000,0,0.913
0.15,-0.9,0.10763157313187557,1000,1000,0,0.917
0.15,0.9,0.10763157313187557,1000,1000,0,0.913
0.15,-0.89,0.11861787988279328,1000,1000,0,0.9
0.15,0.89,0.11861787988279328,1000,1000,0,0.913
0.15,-0.1,0.11999616009215804,1000,1000,0,0.785
0.15,0.1,0.11999616009215804,1000,1000,0,0.803
0.15,-0.88,0.1307505399148652,1000,1000,0,0.9
0.15,0.88,0.1307505399148652,1000,1000,0,0.893
0.15,-0.87,0.14414363155688628,1000,1000,0,0.9
0.15,0.87,0.14414363155688628,1000,1000,0,0.897
0.15,-0.11,0.14519176896893382,1000,1000,0,0.807
0.15,0.11,0.14519176896893382,1000,1000,0,0.796
0.15,-0.86,0.15892030072772242,1000,1000,0,0.865
0.15,0.86,0.15892030072772242,1000,1000,0,0.867
0.15,-0.12,0.17278348988605746,1000,1000,0,0.809
0.15,0.12,0.17278348988605746,1000,1000,0,0.794
0.15,-0.85,0.17521284202890733,1000,1000,0,0.858
0.15,0.85,0.17521284202890733,1000,1000,0,0.838
0.15,-0.84,0.1931625864407521,1000,1000,0,0.846
0.15,0.84,0.1931625864407521,1000,1000,0,0.846
0.15,-0.13,0.20276867956862607,1000,1000,0,0.798
0.15,0.13,0.20276867956862607,1000,1000,0,0.811
0.15,-0.83,0.21291954020056456,1000,1000,0,0.853
0.15,0.83,0.21291954020056456,1000,1000,0,0.86
0.15,-0.82,0.23464171092655278,1000,1000,0,0.846
0.15,0.82,0.23464171092655278,1000,1000,0,0.853
0.15,-0.14,0.23514333993943035,1000,1000,0,0.802
0.15,0.14,0.23514333993943035,1000,1000,0,0.813
0.15,-0.81,0.2584940487525062,1000,1000,0,0.836
0.15,0.81,0.2584940487525062,1000,1000,0,0.848
0.15,-0.15,0.26990161189766443,1000,1000,0,0.788
0.15,0.15,0.26990161189766443,1000,1000,0,0.796
0.15,-0.8,0.2846469228206227,1000,1000,0,0.844
0.15,0.8,0.2846469228206227,1000,1000,0,0.825
0.15,-0.16,0.30703513964035173,1000,1000,0,0.787
0.15,0.16,0.30703513964035173,1000,1000,0,0.793
0.15,-0.79,0.3132740478451049,1000,1000,0,0.821
0.15,0.79,0.3132740478451049,1000,1000,0,0.834
0.15,-0.78,0.3445497727768891,1000,1000,0,0.81
0.15,0.78,0.3445497727768891,1000,1000,0,0.822
0.15,-0.17,0.34653228601140323,1000,1000,0,0.792
0.15,0.17,0.34653228601140323,1000,1000,0,0.797
0.15,-0.77,0.37864564531931555,1000,1000,0,0.81
0.15,0.77,0.37864564531931555,1000,1000,0,0.815
0.15,-0.18,0.38837717869141103,1000,1000,0,0.814
0.15,0.18,0.38837717869141103,1000,1000,0,0.777
0.15,-0.76,0.41572617387825983,1000,1000,0,0.848
0.15,0.76,0.41572617387825983,1000,1000,0,0.815
0.15,-0.19,0.43254856680543297,1000,1000,0,0.791
0.15,0.19,0.43254856680543297,1000,1000,0,0.818
0.15,-0.75,0.4559437243938262,1000,1000,0,0.795
0.15,0.75,0.4559437243938262,1000,1000,0,0.814
0.15,-0.2,0.47901846789049146,1000,1000,0,0.788
0.15,0.2,0.47901846789049146,1000,1000,0,0.766
0.15,-0.74,0.4994325153921041,1000,1000,0,0.812
0.15,0.74,0.4994325153921041,1000,1000,0,0.809
0.15,-0.21,0.5277505863365177,1000,1000,0,0.809
0.15,0.21,0.5277505863365177,1000,1000,0,0.788
0.15,-0.73,0.5463017123971913,1000,1000,0,0.824
0.15,0.73,0.5463017123971913,1000,1000,0,0.831
0.15,-0.22,0.5786984866487767,1000,1000,0,0.8
0.15,0.22,0.5786984866487767,1000,1000,0,0.781
0.15,-0.72,0.5966276740357311,1000,1000,0,0.824
0.15,0.72,0.5966276740357311,1000,1000,0,0.809
0.15,-0.23,0.6318035084817841,1000,1000,0,0.798
0.15,0.23,0.6318035084817841,1000,1000,0,0.783
0.15,-0.71,0.6504454674471667,1000,1000,0,0.813
0.15,0.71,0.6504454674471667,1000,1000,0,0.82
0.15,-0.24,0.6869924157200895,1000,1000,0,0.784
0.15,0.24,0.6869924157200895,1000,1000,0,0.791
0.15,-0.7,0.7077398494427007,1000,1000,0,0.807
0.15,0.7,0.7077398494427007,1000,1000,0,0.822
0.15,-0.25,0.744174779330497,1000,1000,0,0.829
0.15,0.25,0.744174779330497,1000,1000,0,0.81
0.15,-0.69,0.7684359999585705,1000,1000,0,0.808
0.15,0.69,0.7684359999585705,1000,1000,0,0.82
0.15,-0.26,0.8032401037160283,1000,1000,0,0.783
0.15,0.26,0.8032401037160283,1000,1000,0,0.813
0.15,-0.68,0.8323903912442425,1000,1000,0,0.839
0.15,0.68,0.8323903912442425,1000,1000,0,0.815
0.15,-0.27,0.864054719305603,1000,1000,0,0.8
0.15,0.27,0.864054719305603,1000,1000,0,0.814
0.15,-0.67,0.8993822728906978,1000,1000,0,0.833
0.15,0.67,0.8993822728906978,1000,1000,0,0.823
0.15,-0.28,0.9264584805288438,1000,1000,0,0.792
0.15,0.28,0.9264584805288438,1000,1000,0,0.821
0.15,-0.66,0.9691063395961947,1000,1000,0,0.847
0.15,0.66,0.9691063395961947,1000,1000,0,0.854
0.15,-0.29,0.9902613284849495,1000,1000,0,0.807
0.15,0.29,0.9902613284849495,1000,1000,0,0.821
0.15,-0.65,1.041167213552968,1000,1000,0,0.825
0.15,0.65,1.041167213552968,1000,1000,0,0.824
0.15,-0.3,1.0552398016959998,1000,1000,0,0.823
0.15,0.3,1.0552398016959998,1000,1000,0,0.827
0.15,-0.64,1.1150764031488263,1000,1000,0,0.831
0.15,0.64,1.1150764031488263,1000,1000,0,0.826
0.15,-0.31,1.1211336062658486,1000,1000,0,0.806
0.15,0.31,1.1211336062658486,1000,1000,0,0.811
0.15,-0.32,1.187642388106947,1000,1000,0,0.788
0.15,0.32,1.187642388106947,1000,1000,0,0.833
0.15,-0.63,1.1902523809602896,1000,1000,0,0.817
0.15,0.63,1.1902523809602896,1000,1000,0,0.844
0.15,-0.33,1.2544228837090776,1000,1000,0,0.812
0.15,0.33,1.2544228837090776,1000,1000,0,0.812
0.15,-0.62,1.266024345442561,1000,1000,0,0.85
0.15,0.62,1.266024345442561,1000,1000,0,0.824
0.15,-0.34,1.321086660623831,1000,1000,0,0.799
0.15,0.34,1.321086660623831,1000,1000,0,0.796
0.15,-0.61,1.3416400853735964,1000,1000,0,0.821
0.15,0.61,1.3416400853735964,1000,1000,0,0.833
0.15,-0.35,1.387198692069496,1000,1000,0,0.803
0.15,0.35,1.387198692069496,1000,1000,0,0.798
0.15,-0.6,1.4162781538589695,1000,1000,0,0.829
0.15,0.6,1.4162781538589695,1000,1000,0,0.834
0.15,-0.36,1.452277038594171,1000,1000,0,0.815
0.15,0.36,1.452277038594171,1000,1000,0,0.802
0.15,-0.59,1.489064288136726,1000,1000,0,0.854
0.15,0.59,1.489064288136726,1000,1000,0,0.838
0.15,-0.37,1.5157939294437768,1000,1000,0,0.834
0.15,0.37,1.5157939294437768,1000,1000,0,0.822
0.15,-0.58,1.5590917007145466,1000,1000,0,0.84
0.15,0.58,1.5590917007145466,1000,1000,0,0.83
0.15,-0.38,1.5771785422316904,1000,1000,0,0.831
0.15,0.38,1.5771785422316904,1000,1000,0,0.819
0.15,-0.57,1.6254445436521263,1000,1000,0,0.834
0.15,0.57,1.6254445436521263,1000,1000,0,0.847
0.15,-0.39,1.6358217662064853,1000,1000,0,0.833
0.15,0.39,1.6358217662064853,1000,1000,0,0.815
0.15,-0.56,1.6872235447152832,1000,1000,0,0.824
0.15,0.56,1.6872235447152832,1000,1000,0,0.838
0.15,-0.4,1.691083196275024,1000,1000,0,0.824
0.15,0.4,1.691083196275024,1000,1000,0,0.826
0.15,-0.41,1.7423005369644655,1000,1000,0,0.82
0.15,0.41,1.7423005369644655,1000,1000,0,0.842
0.15,-0.55,1.7435725677180296,1000,1000,0,0.853
0.15,0.55,1.7435725677180296,1000,1000,0,0.866
0.15,-0.42,1.7888014942155301,1000,1000,0,0.815
0.15,0.42,1.7888014942155301,1000,1000,0,0.826
0.15,-0.54,1.7937046927937612,1000,1000,0,0.838
0.15,0.54,1.7937046927937612,1000,1000,0,0.84
0.15,-0.43,1.8299180974041855,1000,1000,0,0.818
0.15,0.43,1.8299180974041855,1000,1000,0,0.823
0.15,-0.53,1.8369263703422312,1000,1000,0,0.853
0.15,0.53,1.8369263703422312,1000,1000,0,0.849
0.15,-0.44,1.8650032271278694,1000,1000,0,0.818
0.15,0.44,1.8650032271278694,1000,1000,0,0.831
0.15,-0.52,1.8726582866632224,1000,1000,0,0.868
0.15,0.52,1.8726582866632224,1000,1000,0,0.855
0.15,-0.45,1.8934489335981672,1000,1000,0,0.845
0.15,0.45,1.8934489335981672,1000,1000,0,0.839
0.15,-0.51,1.9004517857074674,1000,1000,0,0.869
0.15,0.51,1.9004517857074674,1000,1000,0,0.847
0.15,-0.46,1.9147059287382429,1000,1000,0,0.845
0.15,0.46,1.9147059287382429,1000,1000,0,0.847
0.15,-0.5,1.92,1000,1000,0,0.848
0.15,0.5,1.92,1000,1000,0,0.858
0.15,-0.47,1.9283034401854584,1000,1000,0,0.84
0.15,0.47,1.9283034401854584,1000,1000,0,0.859
0.15,-0.49,1.9311432215493631,1000,1000,0,0.836
0.15,0.49,1.9311432215493631,1000,1000,0,0.84
0.15,-0.48,1.9338684492749296,1000,1000,0,0.831
0.15,0.48,1.9338684492749296,1000,1000,0,0.833
0.2,0.0,0.0,1000,1000,0,0.766
0.2,-1.5,0.0008040365613291915,1000,1000,0,1.0
0.2,1.5,0.0008040365613291915,1000,1000,0,0.997
0.2,-1.49,0.0008592739096300577,1000,1000,0,0.998
0.2,1.49,0.0008592739096300577,1000,1000,0,0.999
0.2,-1.48,0.0009187001511788128,1000,1000,0,0.996
0.2,1.48,0.0009187001511788128,1000,1000,0,0.997
0.2,-1.47,0.000982662600765714,1000,1000,0,0.996
0.2,1.47,0.000982662600765714,1000,1000,0,0.997
0.2,-1.46,0.001051539787313995,1000,1000,0,0.994
0.2,1.46,0.001051539787313995,1000,1000,0,0.998
0.2,-1.45,0.001125744469935113,1000,1000,0,0.998
0.2,1.45,0.001125744469935113,1000,1000,0,0.998
0.2,-0.01,0.0011999999999615998,1000,1000,0,0.751
0.2,0.01,0.0011999999999615998,1000,1000,0,0.779
0.2,-1.44,0.0012057269647741244,1000,1000,0,0.992
0.2,1.44,0.0012057269647741244,1000,1000,0,0.999
0.2,-1.43,0.001291978816507661,1000,1000,0,0.996
0.2,1.43,0.001291978816507661,1000,1000,0,0.996
0.2,-1.42,0.001385036852220324,1000,1000,0,0.997
0.2,1.42,0.001385036852220324,1000,1000,0,0.996
0.2,-1.41,0.00148548765970461,1000,1000,0,0.998
0.2,1.41,0.00148548765970461,1000,1000,0,0.998
0.2,-1.4,0.0015939725370594567,1000,1000,0,0.995
0.2,1.4,0.0015939725370594567,1000,1000,0,0.997
0.2,-1.39,0.001711192965864326,1000,1000,0,0.999
0.2,1.39,0.001711192965864326,1000,1000,0,0.999
0.2,-1.38,0.0018379166662479064,1000,1000,0,0.996
0.2,1.38,0.0018379166662479064,1000,1000,0,1.0
0.2,-1.37,0.0019749842989293677,1000,1000,0,0.998
0.2,1.37,0.0019749842989293677,1000,1000,0,0.999
0.2,-1.36,0.0021233168868709552,1000,1000,0,0.999
0.2,1.36,0.0021233168868709552,1000,1000,0,0.997
0.2,-1.35,0.002283924037638442,1000,1000,0,0.998
0.2,1.35,0.002283924037638442,1000,1000,0,0.997
0.2,-1.34,0.002457913057026501,1000,1000,0,0.998
0.2,1.34,0.002457913057026501,1000,1000,0,0.997
0.2,-1.33,0.0026464990550864407,1000,1000,0,0.995
0.2,1.33,0.0026464990550864407,1000,1000,0,0.996
0.2,-1.32,0.0028510161575244905,1000,1000,0,0.997
0.2,1.32,0.0028510161575244905,1000,1000,0,0.999
0.2,-1.31,0.003072929948663575,1000,1000,0,0.998
0.2,1.31,0.003072929948663575,1000,1000,0,0.996
0.2,-1.3,0.003313851286939209,1000,1000,0,0.998
0.2,1.3,0.003313851286939209,1000,1000,0,0.998
0.2,-1.29,0.0035755516504052216,1000,1000,0,0.997
0.2,1.29,0.0035755516504052216,1000,1000,0,0.997
0.2,-1.28,0.003859980188148721,1000,1000,0,0.993
0.2,1.28,0.003859980188148721,1000,1000,0,0.996
0.2,-1.27,0.004169282674064593,1000,1000,0,0.996
0.2,1.27,0.004169282674064593,1000,1000,0,0.995
0.2,-1.26,0.004505822582343889,1000,1000,0,0.996
0.2,1.26,0.004505822582343889,1000,1000,0,0.993
0.2,-0.02,0.004799999990169601,1000,1000,0,0.78
0.2,0.02,0.004799999990169601,1000,1000,0,0.754
0.2,-1.25,0.004872204529531695,1000,1000,0,0.997
0.2,1.25,0.004872204529531695,1000,1000,0,0.998
0.2,-1.24,0.005271300356368939,1000,1000,0,0.996
0.2,1.24,0.005271300356368939,1000,1000,0,0.998
0.2,-1.23,0.005706278154125387,1000,1000,0,0.998
0.2,1.23,0.005706278154125387,1000,1000,0,0.989
0.2,-1.22,0.006180634575046596,1000,1000,0,0.996
0.2,1.22,0.006180634575046596,1000,1000,0,0.994
0.2,-1.21,0.0066982308051735835,1000,1000,0,0.989
0.2,1.21,0.0066982308051735835,1000,1000,0,0.993
0.2,-1.2,0.007263332620450754,1000,1000,0,0.991
0.2,1.2,0.007263332620450754,1000,1000,0,0.989
0.2,-1.19,0.007880654994009717,1000,1000,0,0.994
0.2,1.19,0.007880654994009717,1000,1000,0,0.991
0.2,-1.18,0.008555411774080894,1000,1000,0,0.998
0.2,1.18,0.008555411774080894,1000,1000,0,0.99
0.2,-1.17,0.009293371008384411,1000,1000,0,0.987
0.2,1.17,0.009293371008384411,1000,1000,0,0.994
0.2,-1.16,0.010100916552275385,1000,1000,0,0.991
0.2,1.16,0.010100916552275385,1000,1000,0,0.989
0.2,-0.03,0.010799999748057605,1000,1000,0,0.765
0.2,0.03,0.010799999748057605,1000,1000,0,0.8
0.2,-1.15,0.010985116664471408,1000,1000,0,0.986
0.2,1.15,0.010985116664471408,1000,1000,0,0.989
0.2,-1.14,0.011953800365858845,1000,1000,0,0.99
0.2,1.14,0.011953800365858845,1000,1000,0,0.989
0.2,-1.13,0.013015642413479798,1000,1000,0,0.986
0.2,1.13,0.013015642413479798,1000,1000,0,0.991
0.2,-1.12,0.0141802578229385,1000,1000,0,0.988
0.2,1.12,0.0141802578229385,1000,1000,0,0.983
0.2,-1.11,0.015458306957428303,1000,1000,0,0.986
0.2,1.11,0.015458306957428303,1000,1000,0,0.98
0.2,-1.1,0.016861612289265113,1000,1000,0,0.989
0.2,1.1,0.016861612289265113,1000,1000,0,0.987
0.2,-1.09,0.018403288028604223,1000,1000,0,0.987
0.2,1.09,0.018403288028604223,1000,1000,0,0.976
0.2,-0.04,0.01919999748341785,1000,1000,0,0.757
0.2,0.04,0.01919999748341785,1000,1000,0,0.759
0.2,-1.08,0.020097883901630576,1000,1000,0,0.981
0.2,1.08,0.020097883901630576,1000,1000,0,0.983
0.2,-1.07,0.021961544443826305,1000,1000,0,0.975
0.2,1.07,0.021961544443826305,1000,1000,0,0.978
0.2,-1.06,0.024012185248739843,1000,1000,0,0.981
0.2,1.06,0.024012185248739843,1000,1000,0,0.976
0.2,-1.05,0.026269687673482277,1000,1000,0,0.972
0.2,1.05,0.026269687673482277,1000,1000,0,0.982
0.2,-1.04,0.02875611354177527,1000,1000,0,0.974
0.2,1.04,0.02875611354177527,1000,1000,0,0.965
0.2,-0.05,0.02999998500000563,1000,1000,0,0.774
0.2,0.05,0.02999998500000563,1000,1000,0,0.782
0.2,-1.03,0.03149594139454397,1000,1000,0,0.96
0.2,1.03,0.03149594139454397,1000,1000,0,0.972
0.2,-1.02,0.03451632580507263,1000,1000,0,0.965
0.2,1.02,0.03451632580507263,1000,1000,0,0.969
0.2,-1.01,0.03784738118588884,1000,1000,0,0.956
0.2,1.01,0.03784738118588884,1000,1000,0,0.967
0.2,-1.0,0.04152249134948097,1000,1000,0,0.955
0.2,1.0,0.04152249134948097,1000,1000,0,0.967
0.2,-0.06,0.04319993550281783,1000,1000,0,0.767
0.2,0.06,0.04319993550281783,1000,1000,0,0.768
0.2,-0.99,0.045578645822079836,1000,1000,0,0.951
0.2,0.99,0.045578645822079836,1000,1000,0,0.94
0.2,-0.98,0.05005680352147241,1000,1000,0,0.96
0.2,0.98,0.05005680352147241,1000,1000,0,0.946
0.2,-0.97,0.05500228386285701,1000,1000,0,0.939
0.2,0.97,0.05500228386285701,1000,1000,0,0.956
0.2,-0.07,0.05879977863226665,1000,1000,0,0.762
0.2,0.07,0.05879977863226665,1000,1000,0,0.755
0.2,-0.96,0.06046518461134927,1000,1000,0,0.95
0.2,0.96,0.06046518461134927,1000,1000,0,0.941
0.2,-0.95,0.06650082480906248,1000,1000,0,0.908
0.2,0.95,0.06650082480906248,1000,1000,0,0.936
0.2,-0.94,0.07317020981432597,1000,1000,0,0.921
0.2,0.94,0.07317020981432597,1000,1000,0,0.909
0.2,-0.08,0.07679935575895884,1000,1000,0,0.743
0.2,0.08,0.07679935575895884,1000,1000,0,0.779
0.2,-0.93,0.08054051383851042,1000,1000,0,0.896
0.2,0.93,0.08054051383851042,1000,1000,0,0.902
0.2,-0.92,0.08868557328277528,1000,1000,0,0.897
0.2,0.92,0.08868557328277528,1000,1000,0,0.905
0.2,-0.09,0.09719834702699662,1000,1000,0,0.766
0.2,0.09,0.09719834702699662,1000,1000,0,0.757
0.2,-0.91,0.09768638158746905,1000,1000,0,0.908
0.2,0.91,0.09768638158746905,1000,1000,0,0.884
0.2,-0.9,0.10763157313187557,1000,1000,0,0.888
0.2,0.9,0.10763157313187557,1000,1000,0,0.889
0.2,-0.89,0.11861787988279328,1000,1000,0,0.89
0.2,0.89,0.11861787988279328,1000,1000,0,0.887
0.2,-0.1,0.11999616009215804,1000,1000,0,0.787
0.2,0.1,0.11999616009215804,1000,1000,0,0.755
0.2,-0.88,0.1307505399148652,1000,1000,0,0.888
0.2,0.88,0.1307505399148652,1000,1000,0,0.871
0.2,-0.87,0.14414363155688628,1000,1000,0,0.879
0.2,0.87,0.14414363155688628,1000,1000,0,0.869
0.2,-0.11,0.14519176896893382,1000,1000,0,0.786
0.2,0.11,0.14519176896893382,1000,1000,0,0.763
0.2,-0.86,0.15892030072772242,1000,1000,0,0.873
0.2,0.86,0.15892030072772242,1000,1000,0,0.86
0.2,-0.12,0.17278348988605746,1000,1000,0,0.785
0.2,0.12,0.17278348988605746,1000,1000,0,0.771
0.2,-0.85,0.17521284202890733,1000,1000,0,0.827
0.2,0.85,0.17521284202890733,1000,1000,0,0.839
0.2,-0.84,0.1931625864407521,1000,1000,0,0.849
0.2,0.84,0.1931625864407521,1000,1000,0,0.838
0.2,-0.13,0.20276867956862607,1000,1000,0,0.78
0.2,0.13,0.20276867956862607,1000,1000,0,0.734
0.2,-0.83,0.21291954020056456,1000,1000,0,0.837
0.2,0.83,0.21291954020056456,1000,1000,0,0.84
0.2,-0.82,0.23464171092655278,1000,1000,0,0.846
0.2,0.82,0.23464171092655278,1000,1000,0,0.829
0.2,-0.14,0.23514333993943035,1000,1000,0,0.765
0.2,0.14,0.23514333993943035,1000,1000,0,0.8
0.2,-0.81,0.2584940487525062,1000,1000,0,0.817
0.2,0.81,0.2584940487525062,1000,1000,0,0.822
0.2,-0.15,0.26990161189766443,1000,1000,0,0.752
0.2,0.15,0.26990161189766443,1000,1000,0,0.731
0.2,-0.8,0.2846469228206227,1000,1000,0,0.816
0.2,0.8,0.2846469228206227,1000,1000,0,0.816
0.2,-0.16,0.30703513964035173,1000,1000,0,0.768
0.2,0.16,0.30703513964035173,1000,1000,0,0.752
0.2,-0.79,0.3132740478451049,1000,1000,0,0.811
0.2,0.79,0.3132740478451049,1000,1000,0,0.811
0.2,-0.78,0.3445497727768891,1000,1000,0,0.822
0.2,0.78,0.3445497727768891,1000,1000,0,0.799
0.2,-0.17,0.34653228601140323,1000,1000,0,0.735
0.2,0.17,0.34653228601140323,1000,1000,0,0.762
0.2,-0.77,0.37864564531931555,1000,1000,0,0.793
0.2,0.77,0.37864564531931555,1000,1000,0,0.813
0.2,-0.18,0.38837717869141103,1000,1000,0,0.777
0.2,0.18,0.38837717869141103,1000,1000,0,0.772
0.2,-0.76,0.41572617387825983,1000,1000,0,0.767
0.2,0.76,0.41572617387825983,1000,1000,0,0.798
0.2,-0.19,0.43254856680543297,1000,1000,0,0.746
0.2,0.19,0.43254856680543297,1000,1000,0,0.773
0.2,-0.75,0.4559437243938262,1000,1000,0,0.759
0.2,0.75,0.4559437243938262,1000,1000,0,0.819
0.2,-0.2,0.47901846789049146,1000,1000,0,0.755
0.2,0.2,0.47901846789049146,1000,1000,0,0.756
0.2,-0.74,0.4994325153921041,1000,1000,0,0.807
0.2,0.74,0.4994325153921041,1000,1000,0,0.788
0.2,-0.21,0.5277505863365177,1000,1000,0,0.757
0.2,0.21,0.5277505863365177,1000,1000,0,0.764
0.2,-0.73,0.5463017123971913,1000,1000,0,0.807
0.2,0.73,0.5463017123971913,1000,1000,0,0.791
0.2,-0.22,0.5786984866487767,1000,1000,0,0.75
0.2,0.22,0.5786984866487767,1000,1000,0,0.745
0.2,-0.72,0.5966276740357311,1000,1000,0,0.788
0.2,0.72,0.5966276740357311,1000,1000,0,0.798
0.2,-0.23,0.6318035084817841,1000,1000,0,0.777
0.2,0.23,0.6318035084817841,1000,1000,0,0.782
0.2,-0.71,0.6504454674471667,1000,1000,0,0.807
0.2,0.71,0.6504454674471667,1000,1000,0,0.797
0.2,-0.24,0.6869924157200895,1000,1000,0,0.769
0.2,0.24,0.6869924157200895,1000,1000,0,0.794
0.2,-0.7,0.7077398494427007,1000,1000,0,0.807
0.2,0.7,0.7077398494427007,1000,1000,0,0.79
0.2,-0.25,0.744174779330497,1000,1000,0,0.756
0.2,0.25,0.744174779330497,1000,1000,0,0.798
0.2,-0.69,0.7684359999585705,1000,1000,0,0.819
0.2,0.69,0.7684359999585705,1000,1000,0,0.808
0.2,-0.26,0.8032401037160283,1000,1000,0,0.758
0.2,0.26,0.8032401037160283,1000,1000,0,0.755
0.2,-0.68,0.8323903912442425,1000,1000,0,0.784
0.2,0.68,0.8323903912442425,1000,1000,0,0.801
0.2,-0.27,0.864054719305603,1000,1000,0,0.767
0.2,0.27,0.864054719305603,1000,1000,0,0.797
0.2,-0.67,0.8993822728906978,1000,1000,0,0.814
0.2,0.67,0.8993822728906978,1000,1000,0,0.793
0.2,-0.28,0.9264584805288438,1000,1000,0,0.772
0.2,0.28,0.9264584805288438,1000,1000,0,0.789
0.2,-0.66,0.9691063395961947,1000,1000,0,0.799
0.2,0.66,0.9691063395961947,1000,1000,0,0.814
0.2,-0.29,0.9902613284849495,1000,1000,0,0.773
0.2,0.29,0.9902613284849495,1000,1000,0,0.786
0.2,-0.65,1.041167213552968,1000,1000,0,0.835
0.2,0.65,1.041167213552968,1000,1000,0,0.793
0.2,-0.3,1.0552398016959998,1000,1000,0,0.766
0.2,0.3,1.0552398016959998,1000,1000,0,0.775
0.2,-0.64,1.1150764031488263,1000,1000,0,0.812
0.2,0.64,1.1150764031488263,1000,1000,0,0.798
0.2,-0.31,1.1211336062658486,1000,1000,0,0.784
0.2,0.31,1.1211336062658486,1000,1000,0,0.804
0.2,-0.32,1.187642388106947,1000,1000,0,0.735
0.2,0.32,1.187642388106947,1000,1000,0,0.794
0.2,-0.63,1.1902523809602896,1000,1000,0,0.799
0.2,0.63,1.1902523809602896,1000,1000,0,0.814
0.2,-0.33,1.2544228837090776,1000,1000,0,0.788
0.2,0.33,1.2544228837090776,1000,1000,0,0.787
0.2,-0.62,1.266024345442561,1000,1000,0,0.823
0.2,0.62,1.266024345442561,1000,1000,0,0.83
0.2,-0.34,1.321086660623831,1000,1000,0,0.784
0.2,0.34,1.321086660623831,1000,1000,0,0.8
0.2,-0.61,1.3416400853735964,1000,1000,0,0.836
0.2,0.61,1.3416400853735964,1000,1000,0,0.824
0.2,-0.35,1.387198692069496,1000,1000,0,0.798
0.2,0.35,1.387198692069496,1000,1000,0,0.788
0.2,-0.6,1.4162781538589695,1000,1000,0,0.835
0.2,0.6,1.4162781538589695,1000,1000,0,0.827
0.2,-0.36,1.452277038594171,1000,1000,0,0.783
0.2,0.36,1.452277038594171,1000,1000,0,0.792
0.2,-0.59,1.489064288136726,1000,1000,0,0.833
0.2,0.59,1.489064288136726,1000,1000,0,0.829
0.2,-0.37,1.5157939294437768,1000,1000,0,0.803
0.2,0.37,1.5157939294437768,1000,1000,0,0.8
0.2,-0.58,1.5590917007145466,1000,1000,0,0.811
0.2,0.58,1.5590917007145466,1000,1000,0,0.834
0.2,-0.38,1.5771785422316904,1000,1000,0,0.794
0.2,0.38,1.5771785422316904,1000,1000,0,0.806
0.2,-0.57,1.6254445436521263,1000,1000,0,0.836
0.2,0.57,1.6254445436521263,1000,1000,0,0.824
0.2,-0.39,1.6358217662064853,1000,1000,0,0.803
0.2,0.39,1.6358217662064853,1000,1000,0,0.785
0.2,-0.56,1.6872235447152832,1000,1000,0,0.835
0.2,0.56,1.6872235447152832,1000,1000,0,0.797
0.2,-0.4,1.691083196275024,1000,1000,0,0.823
0.2,0.4,1.691083196275024,1000,1000,0,0.822
0.2,-0.41,1.7423005369644655,1000,1000,0,0.788
0.2,0.41,1.7423005369644655,1000,1000,0,0.816
0.2,-0.55,1.7435725677180296,1000,1000,0,0.827
0.2,0.55,1.7435725677180296,1000,1000,0,0.84
0.2,-0.42,1.7888014942155301,1000,1000,0,0.809
0.2,0.42,1.7888014942155301,1000,1000,0,0.816
0.2,-0.54,1.7937046927937612,1000,1000,0,0.834
0.2,0.54,1.7937046927937612,1000,1000,0,0.828
0.2,-0.43,1.8299180974041855,1000,1000,0,0.809
0.2,0.43,1.8299180974041855,1000,1000,0,0.835
0.2,-0.53,1.8369263703422312,1000,1000,0,0.845
0.2,0.53,1.8369263703422312,1000,1000,0,0.832
0.2,-0.44,1.8650032271278694,1000,1000,0,0.808
0.2,0.44,1.8650032271278694,1000,1000,0,0.802
0.2,-0.52,1.8726582866632224,1000,1000,0,0.829
0.2,0.52,1.8726582866632224,1000,1000,0,0.838
0.2,-0.45,1.8934489335981672,1000,1000,0,0.833
0.2,0.45,1.8934489335981672,1000,1000,0,0.83
0.2,-0.51,1.9004517857074674,1000,1000,0,0.83
0.2,0.51,1.9004517857074674,1000,1000,0,0.842
0.2,-0.46,1.9147059287382429,1000,1000,0,0.843
0.2,0.46,1.9147059287382429,1000,1000,0,0.826
0.2,-0.5,1.92,1000,1000,0,0.813
0.2,0.5,1.92,1000,1000,0,0.839
0.2,-0.47,1.9283034401854584,1000,1000,0,0.835
0.2,0.47,1.9283034401854584,1000,1000,0,0.836
0.2,-0.49,1.9311432215493631,1000,1000,0,0.823
0.2,0.49,1.9311432215493631,1000,1000,0,0.821
0.2,-0.48,1.9338684492749296,1000,1000,0,0.806
0.2,0.48,1.9338684492749296,1000,1000,0,0.852
0.25,0.0,0.0,1000,1000,0,0.738
0.25,-1.5,0.0008040365613291915,1000,1000,0,0.999
0.25,1.5,0.0008040365613291915,1000,1000,0,0.998
0.25,-1.49,0.0008592739096300577,1000,1000,0,0.998
0.25,1.49,0.0008592739096300577,1000,1000,0,1.0
0.25,-1.48,0.0009187001511788128,1000,1000,0,0.999
0.25,1.48,0.0009187001511788128,1000,1000,0,1.0
0.25,-1.47,0.000982662600765714,1000,1000,0,1.0
0.25,1.47,0.000982662600765714,1000,1000,0,0.999
0.25,-1.46,0.001051539787313995,1000,1000,0,0.998
0.25,1.46,0.001051539787313995,1000,1000,0,1.0
0.25,-1.45,0.001125744469935113,1000,1000,0,0.998
0.25,1.45,0.001125744469935113,1000,1000,0,0.999
0.25,-0.01,0.0011999999999615998,1000,1000,0,0.726
0.25,0.01,0.0011999999999615998,1000,1000,0,0.747
0.25,-1.44,0.0012057269647741244,1000,1000,0,0.996
0.25,1.44,0.0012057269647741244,1000,1000,0,0.994
0.25,-1.43,0.001291978816507661,1000,1000,0,0.997
0.25,1.43,0.001291978816507661,1000,1000,0,0.996
0.25,-1.42,0.001385036852220324,1000,1000,0,0.998
0.25,1.42,0.001385036852220324,1000,1000,0,0.997
0.25,-1.41,0.00148548765970461,1000,1000,0,0.997
0.25,1.41,0.00148548765970461,1000,1000,0,0.994
0.25,-1.4,0.0015939725370594567,1000,1000,0,0.997
0.25,1.4,0.0015939725370594567,1000,1000,0,0.999
0.25,-1.39,0.001711192965864326,1000,1000,0,0.998
0.25,1.39,0.001711192965864326,1000,1000,0,1.0
0.25,-1.38,0.0018379166662479064,1000,1000,0,1.0
0.25,1.38,0.0018379166662479064,1000,1000,0,0.998
0.25,-1.37,0.0019749842989293677,1000,1000,0,0.998
0.25,1.37,0.0019749842989293677,1000,1000,0,0.997
0.25,-1.36,0.0021233168868709552,1000,1000,0,0.997
0.25,1.36,0.0021233168868709552,1000,1000,0,0.998
0.25,-1.35,0.002283924037638442,1000,1000,0,0.998
0.25,1.35,0.002283924037638442,1000,1000,0,0.998
0.25,-1.34,0.002457913057026501,1000,1000,0,0.996
0.25,1.34,0.002457913057026501,1000,1000,0,0.998
0.25,-1.33,0.0026464990550864407,1000,1000,0,0.998
0.25,1.33,0.0026464990550864407,1000,1000,0,0.998
0.25,-1.32,0.0028510161575244905,1000,1000,0,0.998
0.25,1.32,0.0028510161575244905,1000,1000,0,0.999
0.25,-1.31,0.003072929948663575,1000,1000,0,0.997
0.25,1.31,0.003072929948663575,1000,1000,0,0.997
0.25,-1.3,0.003313851286939209,1000,1000,0,0.994
0.25,1.3,0.003313851286939209,1000,1000,0,0.997
0.25,-1.29,0.0035755516504052216,1000,1000,0,0.995
0.25,1.29,0.0035755516504052216,1000,1000,0,0.998
0.25,-1.28,0.003859980188148721,1000,1000,0,0.999
0.25,1.28,0.003859980188148721,1000,1000,0,0.994
0.25,-1.27,0.004169282674064593,1000,1000,0,0.995
0.25,1.27,0.004169282674064593,1000,1000,0,0.998
0.25,-1.26,0.004505822582343889,1000,1000,0,0.997
0.25,1.26,0.004505822582343889,1000,1000,0,0.999
0.25,-0.02,0.004799999990169601,1000,1000,0,0.719
0.25,0.02,0.004799999990169601,1000,1000,0,0.726
0.25,-1.25,0.004872204529531695,1000,1000,0,1.0
0.25,1.25,0.004872204529531695,1000,1000,0,0.995
0.25,-1.24,0.005271300356368939,1000,1000,0,0.988
0.25,1.24,0.005271300356368939,1000,1000,0,0.996
0.25,-1.23,0.005706278154125387,1000,1000,0,0.997
0.25,1.23,0.005706278154125387,1000,1000,0,0.995
0.25,-1.22,0.006180634575046596,1000,1000,0,0.995
0.25,1.22,0.006180634575046596,1000,1000,0,0.994
0.25,-1.21,0.0066982308051735835,1000,1000,0,0.994
0.25,1.21,0.0066982308051735835,1000,1000,0,0.993
0.25,-1.2,0.007263332620450754,1000,1000,0,0.992
0.25,1.2,0.007263332620450754,1000,1000,0,0.991
0.25,-1.19,0.007880654994009717,1000,1000,0,0.993
0.25,1.19,0.007880654994009717,1000,1000,0,0.997
0.25,-1.18,0.008555411774080894,1000,1000,0,0.994
0.25,1.18,0.008555411774080894,1000,1000,0,0.992
0.25,-1.17,0.009293371008384411,1000,1000,0,0.988
0.25,1.17,0.009293371008384411,1000,1000,0,0.989
0.25,-1.16,0.010100916552275385,1000,1000,0,0.992
0.25,1.16,0.010100916552275385,1000,1000,0,0.988
0.25,-0.03,0.010799999748057605,1000,1000,0,0.753
0.25,0.03,0.010799999748057605,1000,1000,0,0.733
0.25,-1.15,0.010985116664471408,1000,1000,0,0.99
0.25,1.15,0.010985116664471408,1000,1000,0,0.992
0.25,-1.14,0.011953800365858845,1000,1000,0,0.989
0.25,1.14,0.011953800365858845,1000,1000,0,0.987
0.25,-1.13,0.013015642413479798,1000,1000,0,0.978
0.25,1.13,0.013015642413479798,1000,1000,0,0.992
0.25,-1.12,0.0141802578229385,1000,1000,0,0.988
0.25,1.12,0.0141802578229385,1000,1000,0,0.992
0.25,-1.11,0.015458306957428303,1000,1000,0,0.989
0.25,1.11,0.015458306957428303,1000,1000,0,0.989
0.25,-1.1,0.016861612289265113,1000,1000,0,0.987
0.25,1.1,0.016861612289265113,1000,1000,0,0.982
0.25,-1.09,0.018403288028604223,1000,1000,0,0.981
0.25,1.09,0.018403288028604223,1000,1000,0,0.987
0.25,-0.04,0.01919999748341785,1000,1000,0,0.739
0.25,0.04,0.01919999748341785,1000,1000,0,0.716
0.25,-1.08,0.020097883901630576,1000,1000,0,0.98
0.25,1.08,0.020097883901630576,1000,1000,0,0.983
0.25,-1.07,0.021961544443826305,1000,1000,0,0.978
0.25,1.07,0.021961544443826305,1000,1000,0,0.981
0.25,-1.06,0.024012185248739843,1000,1000,0,0.979
0.25,1.06,0.024012185248739843,1000,1000,0,0.977
0.25,-1.05,0.026269687673482277,1000,1000,0,0.978
0.25,1.05,0.026269687673482277,1000,1000,0,0.967
0.25,-1.04,0.02875611354177527,1000,1000,0,0.961
0.25,1.04,0.02875611354177527,1000,1000,0,0.974
0.25,-0.05,0.02999998500000563,1000,1000,0,0.736
0.25,0.05,0.02999998500000563,1000,1000,0,0.764
0.25,-1.03,0.03149594139454397,1000,1000,0,0.965
0.25,1.03,0.03149594139454397,1000,1000,0,0.974
0.25,-1.02,0.03451632580507263,1000,1000,0,0.96
0.25,1.02,0.03451632580507263,1000,1000,0,0.963
0.25,-1.01,0.03784738118588884,1000,1000,0,0.954
0.25,1.01,0.03784738118588884,1000,1000,0,0.953
0.25,-1.0,0.04152249134948097,1000,1000,0,0.962
0.25,1.0,0.04152249134948097,1000,1000,0,0.961
0.25,-0.06,0.04319993550281783,1000,1000,0,0.748
0.25,0.06,0.04319993550281783,1000,1000,0,0.73
0.25,-0.99,0.045578645822079836,1000,1000,0,0.958
0.25,0.99,0.045578645822079836,1000,1000,0,0.949
0.25,-0.98,0.05005680352147241,1000,1000,0,0.962
0.25,0.98,0.05005680352147241,1000,1000,0,0.955
0.25,-0.97,0.05500228386285701,1000,1000,0,0.935
0.25,0.97,0.05500228386285701,1000,1000,0,0.936
0.25,-0.07,0.05879977863226665,1000,1000,0,0.722
0.25,0.07,0.05879977863226665,1000,1000,0,0.722
0.25,-0.96,0.06046518461134927,1000,1000,0,0.94
0.25,0.96,0.06046518461134927,1000,1000,0,0.935
0.25,-0.95,0.06650082480906248,1000,1000,0,0.907
0.25,0.95,0.06650082480906248,1000,1000,0,0.923
0.25,-0.94,0.07317020981432597,1000,1000,0,0.905
0.25,0.94,0.07317020981432597,1000,1000,0,0.912
0.25,-0.08,0.07679935575895884,1000,1000,0,0.736
0.25,0.08,0.07679935575895884,1000,1000,0,0.722
0.25,-0.93,0.08054051383851042,1000,1000,0,0.912
0.25,0.93,0.08054051383851042,1000,1000,0,0.911
0.25,-0.92,0.08868557328277528,1000,1000,0,0.913
0.25,0.92,0.08868557328277528,1000,1000,0,0.895
0.25,-0.09,0.09719834702699662,1000,1000,0,0.738
0.25,0.09,0.09719834702699662,1000,1000,0,0.734
0.25,-0.91,0.09768638158746905,1000,1000,0,0.904
0.25,0.91,0.09768638158746905,1000,1000,0,0.896
0.25,-0.9,0.10763157313187557,1000,1000,0,0.876
0.25,0.9,0.10763157313187557,1000,1000,0,0.883
0.25,-0.89,0.11861787988279328,1000,1000,0,0.871
0.25,0.89,0.11861787988279328,1000,1000,0,0.871
0.25,-0.1,0.11999616009215804,1000,1000,0,0.748
0.25,0.1,0.11999616009215804,1000,1000,0,0.73
0.25,-0.88,0.1307505399148652,1000,1000,0,0.867
0.25,0.88,0.1307505399148652,1000,1000,0,0.871
0.25,-0.87,0.14414363155688628,1000,1000,0,0.851
0.25,0.87,0.14414363155688628,1000,1000,0,0.858
0.25,-0.11,0.14519176896893382,1000,1000,0,0.712
0.25,0.11,0.14519176896893382,1000,1000,0,0.718
0.25,-0.86,0.15892030072772242,1000,1000,0,0.823
0.25,0.86,0.15892030072772242,1000,1000,0,0.831
0.25,-0.12,0.17278348988605746,1000,1000,0,0.722
0.25,0.12,0.17278348988605746,1000,1000,0,0.69
0.25,-0.85,0.17521284202890733,1000,1000,0,0.823
0.25,0.85,0.17521284202890733,1000,1000,0,0.821
0.25,-0.84,0.1931625864407521,1000,1000,0,0.829
0.25,0.84,0.1931625864407521,1000,1000,0,0.813
0.25,-0.13,0.20276867956862607,1000,1000,0,0.754
0.25,0.13,0.20276867956862607,1000,1000,0,0.731
0.25,-0.83,0.21291954020056456,1000,1000,0,0.804
0.25,0.83,0.21291954020056456,1000,1000,0,0.814
0.25,-0.82,0.23464171092655278,1000,1000,0,0.806
0.25,0.82,0.23464171092655278,1000,1000,0,0.798
0.25,-0.14,0.23514333993943035,1000,1000,0,0.712
0.25,0.14,0.23514333993943035,1000,1000,0,0.72
0.25,-0.81,0.2584940487525062,1000,1000,0,0.786
0.25,0.81,0.2584940487525062,1000,1000,0,0.786
0.25,-0.15,0.26990161189766443,1000,1000,0,0.762
0.25,0.15,0.26990161189766443,1000,1000,0,0.733
0.25,-0.8,0.2846469228206227,1000,1000,0,0.792
0.25,0.8,0.2846469228206227,1000,1000,0,0.796
0.25,-0.16,0.30703513964035173,1000,1000,0,0.721
0.25,0.16,0.30703513964035173,1000,1000,0,0.735
0.25,-0.79,0.3132740478451049,1000,1000,0,0.772
0.25,0.79,0.3132740478451049,1000,1000,0,0.792
0.25,-0.78,0.3445497727768891,1000,1000,0,0.788
0.25,0.78,0.3445497727768891,1000,1000,0,0.796
0.25,-0.17,0.34653228601140323,1000,1000,0,0.744
0.25,0.17,0.34653228601140323,1000,1000,0,0.75
0.25,-0.77,0.37864564531931555,1000,1000,0,0.77
0.25,0.77,0.37864564531931555,1000,1000,0,0.782
0.25,-0.18,0.38837717869141103,1000,1000,0,0.731
0.25,0.18,0.38837717869141103,1000,1000,0,0.714
0.25,-0.76,0.41572617387825983,1000,1000,0,0.75
0.25,0.76,0.41572617387825983,1000,1000,0,0.76
0.25,-0.19,0.43254856680543297,1000,1000,0,0.708
0.25,0.19,0.43254856680543297,1000,1000,0,0.731
0.25,-0.75,0.4559437243938262,1000,1000,0,0.795
0.25,0.75,0.4559437243938262,1000,1000,0,0.764
0.25,-0.2,0.47901846789049146,1000,1000,0,0.699
0.25,0.2,0.47901846789049146,1000,1000,0,0.744
0.25,-0.74,0.4994325153921041,1000,1000,0,0.769
0.25,0.74,0.4994325153921041,1000,1000,0,0.777
0.25,-0.21,0.5277505863365177,1000,1000,0,0.735
0.25,0.21,0.5277505863365177,1000,1000,0,0.72
0.25,-0.73,0.5463017123971913,1000,1000,0,0.784
0.25,0.73,0.5463017123971913,1000,1000,0,0.781
0.25,-0.22,0.5786984866487767,1000,1000,0,0.727
0.25,0.22,0.5786984866487767,1000,1000,0,0.728
0.25,-0.72,0.5966276740357311,1000,1000,0,0.783
0.25,0.72,0.5966276740357311,1000,1000,0,0.784
0.25,-0.23,0.6318035084817841,1000,1000,0,0.743
0.25,0.23,0.6318035084817841,1000,1000,0,0.749
0.25,-0.71,0.6504454674471667,1000,1000,0,0.775
0.25,0.71,0.6504454674471667,1000,1000,0,0.772
0.25,-0.24,0.6869924157200895,1000,1000,0,0.756
0.25,0.24,0.6869924157200895,1000,1000,0,0.721
0.25,-0.7,0.7077398494427007,1000,1000,0,0.761
0.25,0.7,0.7077398494427007,1000,1000,0,0.792
0.25,-0.25,0.744174779330497,1000,1000,0,0.728
0.25,0.25,0.744174779330497,1000,1000,0,0.76
0.25,-0.69,0.7684359999585705,1000,1000,0,0.811
0.25,0.69,0.7684359999585705,1000,1000,0,0.771
0.25,-0.26,0.8032401037160283,1000,1000,0,0.733
0.25,0.26,0.8032401037160283,1000,1000,0,0.736
0.25,-0.68,0.8323903912442425,1000,1000,0,0.794
0.25,0.68,0.8323903912442425,1000,1000,0,0.796
0.25,-0.27,0.864054719305603,1000,1000,0,0.753
0.25,0.27,0.864054719305603,1000,1000,0,0.76
0.25,-0.67,0.8993822728906978,1000,1000,0,0.81
0.25,0.67,0.8993822728906978,1000,1000,0,0.789
0.25,-0.28,0.9264584805288438,1000,1000,0,0.728
0.25,0.28,0.9264584805288438,1000,1000,0,0.758
0.25,-0.66,0.9691063395961947,1000,1000,0,0.812
0.25,0.66,0.9691063395961947,1000,1000,0,0.796
0.25,-0.29,0.9902613284849495,1000,1000,0,0.744
0.25,0.29,0.9902613284849495,1000,1000,0,0.761
0.25,-0.65,1.041167213552968,1000,1000,0,0.808
0.25,0.65,1.041167213552968,1000,1000,0,0.812
0.25,-0.3,1.0552398016959998,1000,1000,0,0.756
0.25,0.3,1.0552398016959998,1000,1000,0,0.774
0.25,-0.64,1.1150764031488263,1000,1000,0,0.832
0.25,0.64,1.1150764031488263,1000,1000,0,0.821
0.25,-0.31,1.1211336062658486,1000,1000,0,0.765
0.25,0.31,1.1211336062658486,1000,1000,0,0.766
0.25,-0.32,1.187642388106947,1000,1000,0,0.756
0.25,0.32,1.187642388106947,1000,1000,0,0.754
0.25,-0.63,1.1902523809602896,1000,1000,0,0.825
0.25,0.63,1.1902523809602896,1000,1000,0,0.812
0.25,-0.33,1.2544228837090776,1000,1000,0,0.757
0.25,0.33,1.2544228837090776,1000,1000,0,0.749
0.25,-0.62,1.266024345442561,1000,1000,0,0.812
0.25,0.62,1.266024345442561,1000,1000,0,0.818
0.25,-0.34,1.321086660623831,1000,1000,0,0.753
0.25,0.34,1.321086660623831,1000,1000,0,0.783
0.25,-0.61,1.3416400853735964,1000,1000,0,0.822
0.25,0.61,1.3416400853735964,1000,1000,0,0.796
0.25,-0.35,1.387198692069496,1000,1000,0,0.775
0.25,0.35,1.387198692069496,1000,1000,0,0.782
0.25,-0.6,1.4162781538589695,1000,1000,0,0.833
0.25,0.6,1.4162781538589695,1000,1000,0,0.809
0.25,-0.36,1.452277038594171,1000,1000,0,0.775
0.25,0.36,1.452277038594171,1000,1000,0,0.751
0.25,-0.59,1.489064288136726,1000,1000,0,0.826
0.25,0.59,1.489064288136726,1000,1000,0,0.818
0.25,-0.37,1.5157939294437768,1000,1000,0,0.797
0.25,0.37,1.5157939294437768,1000,1000,0,0.807
0.25,-0.58,1.5590917007145466,1000,1000,0,0.83
0.25,0.58,1.5590917007145466,1000,1000,0,0.848
0.25,-0.38,1.5771785422316904,1000,1000,0,0.775
0.25,0.38,1.5771785422316904,1000,1000,0,0.775
0.25,-0.57,1.6254445436521263,1000,1000,0,0.839
0.25,0.57,1.6254445436521263,1000,1000,0,0.85
0.25,-0.39,1.6358217662064853,1000,1000,0,0.796
0.25,0.39,1.6358217662064853,1000,1000,0,0.793
0.25,-0.56,1.6872235447152832,1000,1000,0,0.831
0.25,0.56,1.6872235447152832,1000,1000,0,0.816
0.25,-0.4,1.691083196275024,1000,1000,0,0.776
0.25,0.4,1.691083196275024,1000,1000,0,0.801
0.25,-0.41,1.7423005369644655,1000,1000,0,0.781
0.25,0.41,1.7423005369644655,1000,1000,0,0.777
0.25,-0.55,1.7435725677180296,1000,1000,0,0.858
0.25,0.55,1.7435725677180296,1000,1000,0,0.807
0.25,-0.42,1.7888014942155301,1000,1000,0,0.815
0.25,0.42,1.7888014942155301,1000,1000,0,0.821
0.25,-0.54,1.7937046927937612,1000,1000,0,0.831
0.25,0.54,1.7937046927937612,1000,1000,0,0.846
0.25,-0.43,1.8299180974041855,1000,1000,0,0.817
0.25,0.43,1.8299180974041855,1000,1000,0,0.806
0.25,-0.53,1.8369263703422312,1000,1000,0,0.823
0.25,0.53,1.8369263703422312,1000,1000,0,0.839
0.25,-0.44,1.8650032271278694,1000,1000,0,0.805
0.25,0.44,1.8650032271278694,1000,1000,0,0.805
0.25,-0.52,1.8726582866632224,1000,1000,0,0.825
0.25,0.52,1.8726582866632224,1000,1000,0,0.829
0.25,-0.45,1.8934489335981672,1000,1000,0,0.818
0.25,0.45,1.8934489335981672,1000,1000,0,0.792
0.25,-0.51,1.9004517857074674,1000,1000,0,0.809
0.25,0.51,1.9004517857074674,1000,1000,0,0.824
0.25,-0.46,1.9147059287382429,1000,1000,0,0.811
0.25,0.46,1.9147059287382429,1000,1000,0,0.788
0.25,-0.5,1.92,1000,1000,0,0.81
0.25,0.5,1.92,1000,1000,0,0.819
0.25,-0.47,1.9283034401854584,1000,1000,0,0.827
0.25,0.47,1.9283034401854584,1000,1000,0,0.797
0.25,-0.49,1.9311432215493631,1000,1000,0,0.832
0.25,0.49,1.9311432215493631,1000,1000,0,0.826
0.25,-0.48,1.9338684492749296,1000,1000,0,0.824
0.25,0.48,1.9338684492749296,1000,1000,0,0.838
0.3,0.0,0.0,1000,1000,0,0.725
0.3,-1.5,0.0008040365613291915,1000,1000,0,1.0
0.3,1.5,0.0008040365613291915,1000,1000,0,0.996
0.3,-1.49,0.0008592739096300577,1000,1000,0,0.999
0.3,1.49,0.0008592739096300577,1000,1000,0,0.998
0.3,-1.48,0.0009187001511788128,1000,1000,0,0.999
0.3,1.48,0.0009187001511788128,1000,1000,0,1.0
0.3,-1.47,0.000982662600765714,1000,1000,0,0.999
0.3,1.47,0.000982662600765714,1000,1000,0,0.999
0.3,-1.46,0.001051539787313995,1000,1000,0,1.0
0.3,1.46,0.001051539787313995,1000,1000,0,0.999
0.3,-1.45,0.001125744469935113,1000,1000,0,0.997
0.3,1.45,0.001125744469935113,1000,1000,0,1.0
0.3,-0.01,0.0011999999999615998,1000,1000,0,0.669
0.3,0.01,0.0011999999999615998,1000,1000,0,0.711
0.3,-1.44,0.0012057269647741244,1000,1000,0,0.997
0.3,1.44,0.0012057269647741244,1000,1000,0,1.0
0.3,-1.43,0.001291978816507661,1000,1000,0,0.994
0.3,1.43,0.001291978816507661,1000,1000,0,0.999
0.3,-1.42,0.001385036852220324,1000,1000,0,0.999
0.3,1.42,0.001385036852220324,1000,1000,0,0.994
0.3,-1.41,0.00148548765970461,1000,1000,0,0.998
0.3,1.41,0.00148548765970461,1000,1000,0,0.996
0.3,-1.4,0.0015939725370594567,1000,1000,0,0.999
0.3,1.4,0.0015939725370594567,1000,1000,0,0.998
0.3,-1.39,0.001711192965864326,1000,1000,0,1.0
0.3,1.39,0.001711192965864326,1000,1000,0,0.994
0.3,-1.38,0.0018379166662479064,1000,1000,0,1.0
0.3,1.38,0.0018379166662479064,1000,1000,0,0.999
0.3,-1.37,0.0019749842989293677,1000,1000,0,1.0
0.3,1.37,0.0019749842989293677,1000,1000,0,0.997
0.3,-1.36,0.0021233168868709552,1000,1000,0,1.0
0.3,1.36,0.0021233168868709552,1000,1000,0,0.999
0.3,-1.35,0.002283924037638442,1000,1000,0,0.998
0.3,1.35,0.002283924037638442,1000,1000,0,0.998
0.3,-1.34,0.002457913057026501,1000,1000,0,0.999
0.3,1.34,0.002457913057026501,1000,1000,0,0.999
0.3,-1.33,0.0026464990550864407,1000,1000,0,0.994
0.3,1.33,0.0026464990550864407,1000,1000,0,1.0
0.3,-1.32,0.0028510161575244905,1000,1000,0,0.999
0.3,1.32,0.0028510161575244905,1000,1000,0,0.997
0.3,-1.31,0.003072929948663575,1000,1000,0,0.997
0.3,1.31,0.003072929948663575,1000,1000,0,0.996
0.3,-1.3,0.003313851286939209,1000,1000,0,0.998
0.3,1.3,0.003313851286939209,1000,1000,0,0.994
0.3,-1.29,0.0035755516504052216,1000,1000,0,0.998
0.3,1.29,0.0035755516504052216,1000,1000,0,0.997
0.3,-1.28,0.003859980188148721,1000,1000,0,0.998
0.3,1.28,0.003859980188148721,1000,1000,0,0.997
0.3,-1.27,0.004169282674064593,1000,1000,0,0.999
0.3,1.27,0.004169282674064593,1000,1000,0,0.997
0.3,-1.26,0.004505822582343889,1000,1000,0,0.994
0.3,1.26,0.004505822582343889,1000,1000,0,0.997
0.3,-0.02,0.004799999990169601,1000,1000,0,0.695
0.3,0.02,0.004799999990169601,1000,1000,0,0.718
0.3,-1.25,0.004872204529531695,1000,1000,0,0.999
0.3,1.25,0.004872204529531695,1000,1000,0,0.993
0.3,-1.24,0.005271300356368939,1000,1000,0,0.993
0.3,1.24,0.005271300356368939,1000,1000,0,0.994
0.3,-1.23,0.005706278154125387,1000,1000,0,0.99
0.3,1.23,0.005706278154125387,1000,1000,0,0.993
0.3,-1.22,0.006180634575046596,1000,1000,0,0.994
0.3,1.22,0.006180634575046596,1000,1000,0,0.991
0.3,-1.21,0.0066982308051735835,1000,1000,0,0.988
0.3,1.21,0.0066982308051735835,1000,1000,0,0.995
0.3,-1.2,0.007263332620450754,1000,1000,0,0.993
0.3,1.2,0.007263332620450754,1000,1000,0,0.994
0.3,-1.19,0.007880654994009717,1000,1000,0,0.988
0.3,1.19,0.007880654994009717,1000,1000,0,0.996
0.3,-1.18,0.008555411774080894,1000,1000,0,0.992
0.3,1.18,0.008555411774080894,1000,1000,0,0.993
0.3,-1.17,0.009293371008384411,1000,1000,0,0.99
0.3,1.17,0.009293371008384411,1000,1000,0,0.991
0.3,-1.16,0.010100916552275385,1000,1000,0,0.992
0.3,1.16,0.010100916552275385,1000,1000,0,0.987
0.3,-0.03,0.010799999748057605,1000,1000,0,0.71
0.3,0.03,0.010799999748057605,1000,1000,0,0.716
0.3,-1.15,0.010985116664471408,1000,1000,0,0.994
0.3,1.15,0.010985116664471408,1000,1000,0,0.983
0.3,-1.14,0.011953800365858845,1000,1000,0,0.993
0.3,1.14,0.011953800365858845,1000,1000,0,0.992
0.3,-1.13,0.013015642413479798,1000,1000,0,0.983
0.3,1.13,0.013015642413479798,1000,1000,0,0.992
0.3,-1.12,0.0141802578229385,1000,1000,0,0.985
0.3,1.12,0.0141802578229385,1000,1000,0,0.99
0.3,-1.11,0.015458306957428303,1000,1000,0,0.99
0.3,1.11,0.015458306957428303,1000,1000,0,0.976
0.3,-1.1,0.016861612289265113,1000,1000,0,0.986
0.3,1.1,0.016861612289265113,1000,1000,0,0.985
0.3,-1.09,0.018403288028604223,1000,1000,0,0.981
0.3,1.09,0.018403288028604223,1000,1000,0,0.975
0.3,-0.04,0.01919999748341785,1000,1000,0,0.722
0.3,0.04,0.01919999748341785,1000,1000,0,0.695
0.3,-1.08,0.020097883901630576,1000,1000,0,0.974
0.3,1.08,0.020097883901630576,1000,1000,0,0.973
0.3,-1.07,0.021961544443826305,1000,1000,0,0.977
0.3,1.07,0.021961544443826305,1000,1000,0,0.978
0.3,-1.06,0.024012185248739843,1000,1000,0,0.976
0.3,1.06,0.024012185248739843,1000,1000,0,0.977
0.3,-1.05,0.026269687673482277,1000,1000,0,0.956
0.3,1.05,0.026269687673482277,1000,1000,0,0.974
0.3,-1.04,0.02875611354177527,1000,1000,0,0.967
0.3,1.04,0.02875611354177527,1000,1000,0,0.975
0.3,-0.05,0.02999998500000563,1000,1000,0,0.717
0.3,0.05,0.02999998500000563,1000,1000,0,0.706
0.3,-1.03,0.03149594139454397,1000,1000,0,0.963
0.3,1.03,0.03149594139454397,1000,1000,0,0.974
0.3,-1.02,0.03451632580507263,1000,1000,0,0.973
0.3,1.02,0.03451632580507263,1000,1000,0,0.964
0.3,-1.01,0.03784738118588884,1000,1000,0,0.964
0.3,1.01,0.03784738118588884,1000,1000,0,0.954
0.3,-1.0,0.04152249134948097,1000,1000,0,0.949
0.3,1.0,0.04152249134948097,1000,1000,0,0.954
0.3,-0.06,0.04319993550281783,1000,1000,0,0.682
0.3,0.06,0.04319993550281783,1000,1000,0,0.699
0.3,-0.99,0.045578645822079836,1000,1000,0,0.947
0.3,0.99,0.045578645822079836,1000,1000,0,0.939
0.3,-0.98,0.05005680352147241,1000,1000,0,0.938
0.3,0.98,0.05005680352147241,1000,1000,0,0.933
0.3,-0.97,0.05500228386285701,1000,1000,0,0.939
0.3,0.97,0.05500228386285701,1000,1000,0,0.929
0.3,-0.07,0.05879977863226665,1000,1000,0,0.696
0.3,0.07,0.05879977863226665,1000,1000,0,0.728
0.3,-0.96,0.06046518461134927,1000,1000,0,0.906
0.3,0.96,0.06046518461134927,1000,1000,0,0.921
0.3,-0.95,0.06650082480906248,1000,1000,0,0.908
0.3,0.95,0.06650082480906248,1000,1000,0,0.913
0.3,-0.94,0.07317020981432597,1000,1000,0,0.903
0.3,0.94,0.07317020981432597,1000,1000,0,0.91
0.3,-0.08,0.07679935575895884,1000,1000,0,0.661
0.3,0.08,0.07679935575895884,1000,1000,0,0.695
0.3,-0.93,0.08054051383851042,1000,1000,0,0.901
0.3,0.93,0.08054051383851042,1000,1000,0,0.901
0.3,-0.92,0.08868557328277528,1000,1000,0,0.887
0.3,0.92,0.08868557328277528,1000,1000,0,0.898
0.3,-0.09,0.09719834702699662,1000,1000,0,0.694
0.3,0.09,0.09719834702699662,1000,1000,0,0.715
0.3,-0.91,0.09768638158746905,1000,1000,0,0.885
0.3,0.91,0.09768638158746905,1000,1000,0,0.873
0.3,-0.9,0.10763157313187557,1000,1000,0,0.854
0.3,0.9,0.10763157313187557,1000,1000,0,0.851
0.3,-0.89,0.11861787988279328,1000,1000,0,0.849
0.3,0.89,0.11861787988279328,1000,1000,0,0.842
0.3,-0.1,0.11999616009215804,1000,1000,0,0.716
0.3,0.1,0.11999616009215804,1000,1000,0,0.71
0.3,-0.88,0.1307505399148652,1000,1000,0,0.842
0.3,0.88,0.1307505399148652,1000,1000,0,0.835
0.3,-0.87,0.14414363155688628,1000,1000,0,0.808
0.3,0.87,0.14414363155688628,1000,1000,0,0.847
0.3,-0.11,0.14519176896893382,1000,1000,0,0.694
0.3,0.11,0.14519176896893382,1000,1000,0,0.691
0.3,-0.86,0.15892030072772242,1000,1000,0,0.825
0.3,0.86,0.15892030072772242,1000,1000,0,0.813
0.3,-0.12,0.17278348988605746,1000,1000,0,0.701
0.3,0.12,0.17278348988605746,1000,1000,0,0.717
0.3,-0.85,0.17521284202890733,1000,1000,0,0.808
0.3,0.85,0.17521284202890733,1000,1000,0,0.818
0.3,-0.84,0.1931625864407521,1000,1000,0,0.812
0.3,0.84,0.1931625864407521,1000,1000,0,0.825
0.3,-0.13,0.20276867956862607,1000,1000,0,0.706
0.3,0.13,0.20276867956862607,1000,1000,0,0.676
0.3,-0.83,0.21291954020056456,1000,1000,0,0.779
0.3,0.83,0.21291954020056456,1000,1000,0,0.797
0.3,-0.82,0.23464171092655278,1000,1000,0,0.807
0.3,0.82,0.23464171092655278,1000,1000,0,0.781
0.3,-0.14,0.23514333993943035,1000,1000,0,0.697
0.3,0.14,0.23514333993943035,1000,1000,0,0.722
0.3,-0.81,0.2584940487525062,1000,1000,0,0.774
0.3,0.81,0.2584940487525062,1000,1000,0,0.787
0.3,-0.15,0.26990161189766443,1000,1000,0,0.67
0.3,0.15,0.26990161189766443,1000,1000,0,0.705
0.3,-0.8,0.2846469228206227,1000,1000,0,0.763
0.3,0.8,0.2846469228206227,1000,1000,0,0.779
0.3,-0.16,0.30703513964035173,1000,1000,0,0.699
0.3,0.16,0.30703513964035173,1000,1000,0,0.71
0.3,-0.79,0.3132740478451049,1000,1000,0,0.768
0.3,0.79,0.3132740478451049,1000,1000,0,0.758
0.3,-0.78,0.3445497727768891,1000,1000,0,0.758
0.3,0.78,0.3445497727768891,1000,1000,0,0.743
0.3,-0.17,0.34653228601140323,1000,1000,0,0.687
0.3,0.17,0.34653228601140323,1000,1000,0,0.686
0.3,-0.77,0.37864564531931555,1000,1000,0,0.76
0.3,0.77,0.37864564531931555,1000,1000,0,0.763
0.3,-0.18,0.38837717869141103,1000,1000,0,0.701
0.3,0.18,0.38837717869141103,1000,1000,0,0.692
0.3,-0.76,0.41572617387825983,1000,1000,0,0.723
0.3,0.76,0.41572617387825983,1000,1000,0,0.762
0.3,-0.19,0.43254856680543297,1000,1000,0,0.683
0.3,0.19,0.43254856680543297,1000,1000,0,0.725
0.3,-0.75,0.4559437243938262,1000,1000,0,0.751
0.3,0.75,0.4559437243938262,1000,1000,0,0.753
0.3,-0.2,0.47901846789049146,1000,1000,0,0.696
0.3,0.2,0.47901846789049146,1000,1000,0,0.674
0.3,-0.74,0.4994325153921041,1000,1000,0,0.754
0.3,0.74,0.4994325153921041,1000,1000,0,0.746
0.3,-0.21,0.5277505863365177,1000,1000,0,0.711
0.3,0.21,0.5277505863365177,1000,1000,0,0.714
0.3,-0.73,0.5463017123971913,1000,1000,0,0.767
0.3,0.73,0.5463017123971913,1000,1000,0,0.765
0.3,-0.22,0.5786984866487767,1000,1000,0,0.702
0.3,0.22,0.5786984866487767,1000,1000,0,0.696
0.3,-0.72,0.5966276740357311,1000,1000,0,0.74
0.3,0.72,0.5966276740357311,1000,1000,0,0.754
0.3,-0.23,0.6318035084817841,1000,1000,0,0.684
0.3,0.23,0.6318035084817841,1000,1000,0,0.715
0.3,-0.71,0.6504454674471667,1000,1000,0,0.753
0.3,0.71,0.6504454674471667,1000,1000,0,0.78
0.3,-0.24,0.6869924157200895,1000,1000,0,0.686
0.3,0.24,0.6869924157200895,1000,1000,0,0.693
0.3,-0.7,0.7077398494427007,1000,1000,0,0.761
0.3,0.7,0.7077398494427007,1000,1000,0,0.784
0.3,-0.25,0.744174779330497,1000,1000,0,0.711
0.3,0.25,0.744174779330497,1000,1000,0,0.731
0.3,-0.69,0.7684359999585705,1000,1000,0,0.781
0.3,0.69,0.7684359999585705,1000,1000,0,0.778
0.3,-0.26,0.8032401037160283,1000,1000,0,0.715
0.3,0.26,0.8032401037160283,1000,1000,0,0.684
0.3,-0.68,0.8323903912442425,1000,1000,0,0.794
0.3,0.68,0.8323903912442425,1000,1000,0,0.803
0.3,-0.27,0.864054719305603,1000,1000,0,0.717
0.3,0.27,0.864054719305603,1000,1000,0,0.684
0.3,-0.67,0.8993822728906978,1000,1000,0,0.785
0.3,0.67,0.8993822728906978,1000,1000,0,0.781
0.3,-0.28,0.9264584805288438,1000,1000,0,0.718
0.3,0.28,0.9264584805288438,1000,1000,0,0.732
0.3,-0.66,0.9691063395961947,1000,1000,0,0.789
0.3,0.66,0.9691063395961947,1000,1000,0,0.774
0.3,-0.29,0.9902613284849495,1000,1000,0,0.711
0.3,0.29,0.9902613284849495,1000,1000,0,0.701
0.3,-0.65,1.041167213552968,1000,1000,0,0.813
0.3,0.65,1.041167213552968,1000,1000,0,0.79
0.3,-0.3,1.0552398016959998,1000,1000,0,0.741
0.3,0.3,1.0552398016959998,1000,1000,0,0.741
0.3,-0.64,1.1150764031488263,1000,1000,0,0.787
0.3,0.64,1.1150764031488263,1000,1000,0,0.809
0.3,-0.31,1.1211336062658486,1000,1000,0,0.751
0.3,0.31,1.1211336062658486,1000,1000,0,0.752
0.3,-0.32,1.187642388106947,1000,1000,0,0.745
0.3,0.32,1.187642388106947,1000,1000,0,0.734
0.3,-0.63,1.1902523809602896,1000,1000,0,0.825
0.3,0.63,1.1902523809602896,1000,1000,0,0.8
0.3,-0.33,1.2544228837090776,1000,1000,0,0.758
0.3,0.33,1.2544228837090776,1000,1000,0,0.755
0.3,-0.62,1.266024345442561,1000,1000,0,0.789
0.3,0.62,1.266024345442561,1000,1000,0,0.808
0.3,-0.34,1.321086660623831,1000,1000,0,0.74
0.3,0.34,1.321086660623831,1000,1000,0,0.748
0.3,-0.61,1.3416400853735964,1000,1000,0,0.807
0.3,0.61,1.3416400853735964,1000,1000,0,0.816
0.3,-0.35,1.387198692069496,1000,1000,0,0.753
0.3,0.35,1.387198692069496,1000,1000,0,0.763
0.3,-0.6,1.4162781538589695,1000,1000,0,0.826
0.3,0.6,1.4162781538589695,1000,1000,0,0.81
0.3,-0.36,1.452277038594171,1000,1000,0,0.764
0.3,0.36,1.452277038594171,1000,1000,0,0.764
0.3,-0.59,1.489064288136726,1000,1000,0,0.817
0.3,0.59,1.489064288136726,1000,1000,0,0.797
0.3,-0.37,1.5157939294437768,1000,1000,0,0.76
0.3,0.37,1.5157939294437768,1000,1000,0,0.768
0.3,-0.58,1.5590917007145466,1000,1000,0,0.798
0.3,0.58,1.5590917007145466,1000,1000,0,0.812
0.3,-0.38,1.5771785422316904,1000,1000,0,0.757
0.3,0.38,1.5771785422316904,1000,1000,0,0.758
0.3,-0.57,1.6254445436521263,1000,1000,0,0.805
0.3,0.57,1.6254445436521263,1000,1000,0,0.816
0.3,-0.39,1.6358217662064853,1000,1000,0,0.774
0.3,0.39,1.6358217662064853,1000,1000,0,0.763
0.3,-0.56,1.6872235447152832,1000,1000,0,0.811
0.3,0.56,1.6872235447152832,1000,1000,0,0.83
0.3,-0.4,1.691083196275024,1000,1000,0,0.776
0.3,0.4,1.691083196275024,1000,1000,0,0.797
0.3,-0.41,1.7423005369644655,1000,1000,0,0.794
0.3,0.41,1.7423005369644655,1000,1000,0,0.758
0.3,-0.55,1.7435725677180296,1000,1000,0,0.817
0.3,0.55,1.7435725677180296,1000,1000,0,0.837
0.3,-0.42,1.7888014942155301,1000,1000,0,0.78
0.3,0.42,1.7888014942155301,1000,1000,0,0.796
0.3,-0.54,1.7937046927937612,1000,1000,0,0.826
0.3,0.54,1.7937046927937612,1000,1000,0,0.816
0.3,-0.43,1.8299180974041855,1000,1000,0,0.793
0.3,0.43,1.8299180974041855,1000,1000,0,0.804
0.3,-0.53,1.8369263703422312,1000,1000,0,0.798
0.3,0.53,1.8369263703422312,1000,1000,0,0.798
0.3,-0.44,1.8650032271278694,1000,1000,0,0.817
0.3,0.44,1.8650032271278694,1000,1000,0,0.782
0.3,-0.52,1.8726582866632224,1000,1000,0,0.823
0.3,0.52,1.8726582866632224,1000,1000,0,0.818
0.3,-0.45,1.8934489335981672,1000,1000,0,0.802
0.3,0.45,1.8934489335981672,1000,1000,0,0.793
0.3,-0.51,1.9004517857074674,1000,1000,0,0.81
0.3,0.51,1.9004517857074674,1000,1000,0,0.817
0.3,-0.46,1.9147059287382429,1000,1000,0,0.796
0.3,0.46,1.9147059287382429,1000,1000,0,0.791
0.3,-0.5,1.92,1000,1000,0,0.83
0.3,0.5,1.92,1000,1000,0,0.838
0.3,-0.47,1.9283034401854584,1000,1000,0,0.82
0.3,0.47,1.9283034401854584,1000,1000,0,0.809
0.3,-0.49,1.9311432215493631,1000,1000,0,0.824
0.3,0.49,1.9311432215493631,1000,1000,0,0.813
0.3,-0.48,1.9338684492749296,1000,1000,0,0.816
0.3,0.48,1.9338684492749296,1000,1000,0,0.829
